"Time","Fit_values"
0,1
0.0166666666666667,0.964782382713361
0.0333333333333333,0.929535630876748
0.05,0.893007126530274
0.0666666666666667,0.857810410785612
0.0833333333333333,0.823731918255081
0.1,0.790965876715968
0.116666666666667,0.759467476946769
0.133333333333333,0.729193104472543
0.15,0.700071452383586
0.166666666666667,0.671973660591113
0.183333333333333,0.644984937440362
0.2,0.619065952568148
0.216666666666667,0.59417849664989
0.233333333333333,0.570285463765542
0.25,0.547350833088069
0.266666666666667,0.525206616035496
0.283333333333333,0.503851736792643
0.3,0.483343908926429
0.316666666666667,0.463653995968002
0.333333333333333,0.444753551289845
0.35,0.426614820306795
0.366666666666667,0.409210741167518
0.383333333333333,0.392514944050625
0.4,0.376501749174461
0.416666666666667,0.361146163624528
0.433333333333333,0.346373809601609
0.45,0.332205567384397
0.466666666666667,0.318626042582281
0.483333333333333,0.305612975913312
0.5,0.293144751082189
0.516666666666667,0.281200387780976
0.533333333333333,0.269759534014617
0.55,0.25880245782074
0.566666666666667,0.248310038448975
0.583333333333333,0.238263757060788
0.6,0.228645687006766
0.616666666666667,0.219438483734275
0.633333333333333,0.210625374374565
0.65,0.202190147054628
0.666666666666667,0.194117139975545
0.683333333333333,0.186391230295537
0.7,0.178997822852697
0.716666666666667,0.171922838759147
0.733333333333333,0.165152703895477
0.75,0.158674337331454
0.766666666666667,0.152475139696448
0.783333333333333,0.146542981520561
0.8,0.140866191565284
0.816666666666667,0.135433545160499
0.833333333333333,0.130234252562825
0.85,0.125257947348768
0.866666666666667,0.120494674854741
0.883333333333333,0.115934880674833
0.9,0.111569399226242
0.916666666666667,0.107389442391472
0.933333333333333,0.103386588245783
0.95,0.099552769877867
0.966666666666667,0.0958802643114313
0.983333333333333,0.0923616815351081
1,0.0889899536480128
1.01666666666667,0.0857583241282178
1.03333333333333,0.0826603372314293
1.05,0.0796898275272013
1.06666666666667,0.0768409095800961
1.08333333333333,0.0741079677832652
1.1,0.0714856463519781
1.11666666666667,0.0689688394846419
1.13333333333333,0.0665526816988306
1.15,0.0642325383497548
1.16666666666667,0.0620039963384577
1.18333333333333,0.0598628550168046
1.2,0.0578051172960452
1.21666666666667,0.0558269809653639
1.23333333333333,0.0539248302264066
1.25,0.0520952274492682
1.26666666666667,0.0503349051548741
1.28333333333333,0.048640758228069
1.3,0.0470098363650779
1.31666666666667,0.0454393367583059
1.33333333333333,0.0439265970207261
1.35,0.0424690883513719
1.36666666666667,0.0410644089427049
1.38333333333333,0.0397102776298919
1.4,0.0384045277812958
1.41666666666667,0.0371451014287791
1.43333333333333,0.0359300436357321
1.45,0.0347574971000977
1.46666666666667,0.0336256969890469
1.48333333333333,0.0325329660014009
1.5,0.0314777096533701
1.51666666666667,0.0304584424910273
1.53333333333333,0.029473867415794
1.55,0.0285227656148306
1.56666666666667,0.0276039619609713
1.58333333333333,0.0267163234295801
1.6,0.0258587575729962
1.61666666666667,0.0250302110504752
1.63333333333333,0.0242296682116144
1.65,0.0234561497313186
1.66666666666667,0.0227087112944359
1.68333333333333,0.0219864423282572
1.7,0.0212884647811424
1.71666666666667,0.0206139319455943
1.73333333333333,0.0199620273241659
1.75,0.0193319635366428
1.76666666666667,0.0187229812669991
1.78333333333333,0.01813434824868
1.8,0.0175653582868161
1.81666666666667,0.0170153303160249
1.83333333333333,0.0164836074925047
1.85,0.0159695563191711
1.86666666666667,0.0154725658026327
1.88333333333333,0.0149920466408472
1.9,0.0145274304403387
1.91666666666667,0.0140781689618994
1.93333333333333,0.0136437333937378
1.95,0.0132236136510727
1.96666666666667,0.0128173177012079
1.98333333333333,0.0124243709131599
2,0.0120443154309422
2.01666666666667,0.0116767095696435
2.03333333333333,0.0113211272334683
2.05,0.0109771573549383
2.06666666666667,0.0106444033544836
2.08333333333333,0.0103224826196779
2.1,0.0100110260034022
2.11666666666667,0.00970967734024618
2.13333333333333,0.00941809298047967
2.15,0.00913594134095565
2.16666666666667,0.00886290247232448
2.18333333333333,0.00859866764196481
2.2,0.00834293893205729
2.21666666666667,0.00809542885224798
2.23333333333333,0.00785585996636904
2.25,0.0076239645327032
2.26666666666667,0.00739948415729758
2.28333333333333,0.00718216945985046
2.3,0.00697177975171175
2.31666666666667,0.00676808272555504
2.33333333333333,0.00657085415629497
2.35,0.00637987761283931
2.36666666666667,0.00619494418028032
2.38333333333333,0.00601585219214412
2.4,0.00584240697233101
2.41666666666667,0.0056744205863929
2.43333333333333,0.00551171160180709
2.45,0.00535410485691809
2.46666666666667,0.00520143123823091
2.48333333333333,0.00505352746575141
2.5,0.00491023588607979
2.51666666666667,0.00477140427297456
2.53333333333333,0.00463688563511434
2.55,0.00450653803079499
2.56666666666667,0.00438022438930924
2.58333333333333,0.00425781233876498
2.6,0.00413917404010752
2.61666666666667,0.00402418602711991
2.63333333333333,0.00391272905218299
2.65,0.00380468793758567
2.66666666666667,0.00369995143218315
2.68333333333333,0.00359841207320813
2.7,0.00349996605304753
2.71666666666667,0.0034045130908039
2.73333333333333,0.00331195630846719
2.75,0.00322220211152943
2.76666666666667,0.00313516007388028
2.78333333333333,0.00305074282682809
2.8,0.00296886595209625
2.81666666666667,0.00288944787865033
2.83333333333333,0.00281240978321688
2.85,0.00273767549435973
2.86666666666667,0.00266517139998447
2.88333333333333,0.00259482635814687
2.9,0.00252657161104503
2.91666666666667,0.00246034070207994
2.93333333333333,0.00239606939587316
2.95,0.00233369560113426
2.96666666666667,0.00227315929627476
2.98333333333333,0.00221440245766924
3,0.00215736899046747
3.01666666666667,0.00210200466186542
3.03333333333333,0.00204825703674606
3.05,0.00199607541560424
3.06666666666667,0.00194541077467318
3.08333333333333,0.00189621570817272
3.1,0.00184844437260307
3.11666666666667,0.00180205243300988
3.13333333333333,0.00175699701114962
3.15,0.00171323663548677
3.16666666666667,0.00167073119295659
3.18333333333333,0.00162944188243019
3.2,0.0015893311698201
3.21666666666667,0.00155036274476784
3.23333333333333,0.00151250147885607
3.25,0.00147571338529091
3.26666666666667,0.00143996558000128
3.28333333333333,0.00140522624410467
3.3,0.00137146458769002
3.31666666666667,0.00133865081487064
3.33333333333333,0.00130675609006161
3.35,0.00127575250543776
3.36666666666667,0.00124561304953004
3.38333333333333,0.00121631157691944
3.4,0.00118782277898936
3.41666666666667,0.00116012215569849
3.43333333333333,0.00113318598833793
3.45,0.00110699131323722
3.46666666666667,0.00108151589638569
3.48333333333333,0.00105673820893638
3.5,0.00103263740356114
3.51666666666667,0.00100919329162672
3.53333333333333,0.000986386321162612
3.55,0.000964197555592478
3.56666666666667,0.000942608653202289
3.58333333333333,0.000921601847318789
3.6,0.000901159927173361
3.61666666666667,0.000881266219426927
3.63333333333333,0.00086190457033253
3.65,0.000843059328513117
3.66666666666667,0.000824715328332795
3.68333333333333,0.000806857873840628
3.7,0.00078947272326683
3.71666666666667,0.000772546074051943
3.73333333333333,0.000756064548390203
3.75,0.000740015179269118
3.76666666666667,0.00072438539698778
3.78333333333333,0.000709163016137205
3.8,0.000694336223026477
3.81666666666667,0.000679893563539113
3.83333333333333,0.00066582393140466
3.85,0.000652116556870965
3.86666666666667,0.000638760995763235
3.88333333333333,0.000625747118916328
3.9,0.000613065101967375
3.91666666666667,0.000600705415496124
3.93333333333333,0.00058865881550104
3.95,0.000576916334199411
3.96666666666667,0.000565469271140297
3.98333333333333,0.0005543091846195
4,0.00054342788338608
4.01666666666667,0.000532817418630357
4.03333333333333,0.000522470076243715
4.05,0.000512378369340805
4.06666666666667,0.000502535031035136
4.08333333333333,0.000492933007459308
4.1,0.000483565451021531
4.11666666666667,0.000474425713890257
4.13333333333333,0.00046550734169914
4.15,0.000456804067464766
4.16666666666667,0.000448309805709844
4.18333333333333,0.000440018646784872
4.2,0.000431924851381434
4.21666666666667,0.000424022845230646
4.23333333333333,0.000416307213980376
4.25,0.000408772698245171
4.26666666666667,0.000401414188822995
4.28333333333333,0.00039422672207309
4.3,0.000387205475449486
4.31666666666667,0.000380345763184846
4.33333333333333,0.00037364303211956
4.35,0.000367092857671115
4.36666666666667,0.000360690939939003
4.38333333333333,0.000354433099940552
4.4,0.000348315275973232
4.41666666666667,0.000342333520099149
4.43333333333333,0.000336483994747571
4.45,0.000330762969431492
4.46666666666667,0.000325166817574354
4.48333333333333,0.000319692013443193
4.5,0.000314335129184606
4.51666666666667,0.000309092831960035
4.53333333333333,0.000303961881177014
4.55,0.000298939125813108
4.56666666666667,0.000294021501829412
4.58333333333333,0.000289206029670554
4.6,0.000284489811848271
4.61666666666667,0.000279870030605726
4.63333333333333,0.000275343945659801
4.65,0.000270908892018737
4.66666666666667,0.000266562277872536
4.68333333333333,0.00026230158255365
4.7,0.000258124354565591
4.71666666666667,0.000254028209677079
4.73333333333333,0.000250010829079568
4.75,0.000246069957605918
4.76666666666667,0.000242203402008168
4.78333333333333,0.000238409029292336
4.8,0.000234684765108346
4.81666666666667,0.000231028592193129
4.83333333333333,0.000227438548865111
4.85,0.000223912727568298
4.86666666666667,0.000220449273464228
4.88333333333333,0.000217046383070169
4.9,0.000213702302941926
4.91666666666667,0.000210415328399711
4.93333333333333,0.000207183802295583
4.95,0.000204006113820995
4.96666666666667,0.000200880697353043
4.98333333333333,0.000197806031338045
5,0.000194780637211145
5.01666666666667,0.000191803189471795
5.03333333333333,0.000188872838105155
5.05,0.000185988857235048
5.06666666666667,0.000183150531344728
5.08333333333333,0.000180357155145223
5.1,0.000177608033445085
5.11666666666667,0.000174902481021547
5.13333333333333,0.000172239822493079
5.15,0.000169619392193326
5.16666666666667,0.000167040534046419
5.18333333333333,0.000164502601443648
5.2,0.000162004957121484
5.21666666666667,0.000159546973040957
5.23333333333333,0.000157128030268338
5.25,0.000154747518857166
5.26666666666667,0.000152404837731566
5.28333333333333,0.000150099394570875
5.3,0.000147830605695547
5.31666666666667,0.000145597895954343
5.33333333333333,0.000143400698612778
5.35,0.000141238455242826
5.36666666666667,0.000139110615613874
5.38333333333333,0.000137016637584897
5.4,0.000134955986997868
5.41666666666667,0.000132928137572374
5.43333333333333,0.000130932570801432
5.45,0.000128968775848499
5.46666666666667,0.000127036249445658
5.48333333333333,0.000125134495792981
5.5,0.00012326302645904
5.51666666666667,0.000121421360282573
5.53333333333333,0.000119609023275292
5.55,0.000117825548525807
5.56666666666667,0.000116070476104675
5.58333333333333,0.000114343352970558
5.6,0.00011264373287747
5.61666666666667,0.000110971176283114
5.63333333333333,0.000109325250258296
5.65,0.000107705528397403
5.66666666666667,0.000106111590729934
5.68333333333333,0.000104543023633085
5.7,0.000102999419745358
5.71666666666667,0.000101480377881201
5.73333333333333,9.99855029466715e-05
5.75,9.85144058560849e-05
5.76666666666667,9.70667034496793e-05
5.78333333333333,9.56420184122576e-05
5.8,9.42399791927998e-05
5.81666666666667,9.2860219925053e-05
5.83333333333333,9.150238034907e-05
5.85,9.01661057336981e-05
5.86666666666667,8.8851046800004e-05
5.88333333333333,8.75568596456282e-05
5.9,8.62832056700559e-05
5.91666666666667,8.50297515008009e-05
5.93333333333333,8.37961689204827e-05
5.95,8.25821347948026e-05
5.96666666666667,8.1387331001393e-05
5.98333333333333,8.02114443595465e-05
6,7.90541665608019e-05
6.01666666666667,7.79151941003875e-05
6.03333333333333,7.67942282095109e-05
6.05,7.56909747884791e-05
6.06666666666667,7.46051443406563e-05
6.08333333333333,7.35364519072296e-05
6.1,7.24846170027915e-05
6.11666666666667,7.14493635517224e-05
6.13333333333333,7.04304198253637e-05
6.15,6.94275183799799e-05
6.16666666666667,6.84403959954895e-05
6.18333333333333,6.74687936149714e-05
6.2,6.65124562849254e-05
6.21666666666667,6.55711330962834e-05
6.23333333333333,6.46445771261666e-05
6.25,6.37325453803761e-05
6.26666666666667,6.28347987366082e-05
6.28333333333333,6.19511018883905e-05
6.3,6.10812232897297e-05
6.31666666666667,6.02249351004593e-05
6.33333333333333,5.9382013132284e-05
6.35,5.85522367955126e-05
6.36666666666667,5.773538904647e-05
6.38333333333333,5.69312563355806e-05
6.4,5.61396285561176e-05
6.41666666666667,5.53602989936103e-05
6.43333333333333,5.45930642758991e-05
6.45,5.38377243238368e-05
6.46666666666667,5.30940823026206e-05
6.48333333333333,5.23619445737582e-05
6.5,5.16411206476512e-05
6.51666666666667,5.09314231367945e-05
6.53333333333333,5.02326677095811e-05
6.55,4.95446730447114e-05
6.56666666666667,4.88672607861929e-05
6.58333333333333,4.82002554989269e-05
6.6,4.75434846248777e-05
6.61666666666667,4.68967784398137e-05
6.63333333333333,4.62599700106169e-05
6.65,4.56328951531514e-05
6.66666666666667,4.50153923906893e-05
6.68333333333333,4.44073029128806e-05
6.7,4.38084705352685e-05
6.71666666666667,4.32187416593383e-05
6.73333333333333,4.26379652330955e-05
6.75,4.20659927121688e-05
6.76666666666667,4.15026780214294e-05
6.78333333333333,4.09478775171204e-05
6.8,4.04014499494961e-05
6.81666666666667,3.98632564259541e-05
6.83333333333333,3.9333160374669e-05
6.85,3.88110275087087e-05
6.86666666666667,3.82967257906356e-05
6.88333333333333,3.77901253975843e-05
6.9,3.72910986868127e-05
6.91666666666667,3.67995201617156e-05
6.93333333333333,3.63152664383027e-05
6.95,3.58382162121296e-05
6.96666666666667,3.53682502256802e-05
6.98333333333333,3.49052512361938e-05
7,3.44491039839308e-05
7.01666666666667,3.39996951608762e-05
7.03333333333333,3.35569133798678e-05
7.05,3.31206491441548e-05
7.06666666666667,3.26907948173707e-05
7.08333333333333,3.22672445939263e-05
7.1,3.18498944698069e-05
7.11666666666667,3.14386422137809e-05
7.13333333333333,3.10333873390043e-05
7.15,3.06340310750225e-05
7.16666666666667,3.02404763401648e-05
7.18333333333333,2.98526277143237e-05
7.2,2.94703914121171e-05
7.21666666666667,2.90936752564281e-05
7.23333333333333,2.87223886523184e-05
7.25,2.83564425613106e-05
7.26666666666667,2.79957494760345e-05
7.28333333333333,2.76402233952349e-05
7.3,2.72897797991336e-05
7.31666666666667,2.69443356251459e-05
7.33333333333333,2.66038092439418e-05
7.35,2.62681204358543e-05
7.36666666666667,2.59371903676241e-05
7.38333333333333,2.56109415694819e-05
7.4,2.52892979125619e-05
7.41666666666667,2.49721845866431e-05
7.43333333333333,2.46595280782126e-05
7.45,2.43512561488529e-05
7.46666666666667,2.40472978139406e-05
7.48333333333333,2.37475833216615e-05
7.5,2.34520441323311e-05
7.51666666666667,2.31606128980228e-05
7.53333333333333,2.28732234424957e-05
7.55,2.25898107414204e-05
7.56666666666667,2.23103109028989e-05
7.58333333333333,2.20346611482758e-05
7.6,2.17627997932353e-05
7.61666666666667,2.14946662291824e-05
7.63333333333333,2.12302009049045e-05
7.65,2.0969345308509e-05
7.66666666666667,2.07120419496344e-05
7.68333333333333,2.04582343419318e-05
7.7,2.02078669858125e-05
7.71666666666667,1.996088535146e-05
7.73333333333333,1.97172358620996e-05
7.75,1.94768658775281e-05
7.76666666666667,1.92397236778959e-05
7.78333333333333,1.90057584477378e-05
7.8,1.87749202602541e-05
7.81666666666667,1.85471600618351e-05
7.83333333333333,1.83224296568256e-05
7.85,1.81006816925289e-05
7.86666666666667,1.78818696444457e-05
7.88333333333333,1.76659478017453e-05
7.9,1.7452871252965e-05
7.91666666666667,1.72425958719378e-05
7.93333333333333,1.70350783039415e-05
7.95,1.68302759520698e-05
7.96666666666667,1.66281469638199e-05
7.98333333333333,1.64286502178963e-05
8,1.62317453112248e-05
8.01666666666667,1.6037392546178e-05
8.03333333333333,1.58455529180056e-05
8.05,1.56561881024691e-05
8.06666666666667,1.5469260443678e-05
8.08333333333333,1.52847329421238e-05
8.1,1.51025692429103e-05
8.11666666666667,1.49227336241768e-05
8.13333333333333,1.47451909857119e-05
8.15,1.45699068377557e-05
8.16666666666667,1.4396847289987e-05
8.18333333333333,1.42259790406932e-05
8.2,1.40572693661218e-05
8.21666666666667,1.38906861100086e-05
8.23333333333333,1.37261976732822e-05
8.25,1.35637730039409e-05
8.26666666666667,1.34033815871012e-05
8.28333333333333,1.32449934352135e-05
8.3,1.30885790784451e-05
8.31666666666667,1.29341095552249e-05
8.33333333333333,1.27815564029514e-05
8.35,1.26308922573588e-05
8.36666666666667,1.24820926126634e-05
8.38333333333333,1.23351338907671e-05
8.4,1.21899928145561e-05
8.41666666666667,1.20466464040876e-05
8.43333333333333,1.19050719728246e-05
8.45,1.17652471239153e-05
8.46666666666667,1.16271497465203e-05
8.48333333333333,1.14907580121826e-05
8.5,1.13560503712445e-05
8.51666666666667,1.12230055493072e-05
8.53333333333333,1.10916025437342e-05
8.55,1.09618206201991e-05
8.56666666666667,1.08336393092744e-05
8.58333333333333,1.07070384030634e-05
8.6,1.05819979518732e-05
8.61666666666667,1.045849826093e-05
8.63333333333333,1.03365198871334e-05
8.65,1.02160436358522e-05
8.66666666666667,1.009705055776e-05
8.68333333333333,9.97952194570905e-06
8.7,9.86343933164382e-06
8.71666666666667,9.74878448355268e-06
8.73333333333333,9.63553940245764e-06
8.75,9.52368631944108e-06
8.76666666666667,9.41320769271038e-06
8.78333333333333,9.30408620469801e-06
8.8,9.19630475919918e-06
8.81666666666667,9.08984647854388e-06
8.83333333333333,8.98469470080495e-06
8.85,8.88083297704135e-06
8.86666666666667,8.77824506857503e-06
8.88333333333333,8.67691494430262e-06
8.9,8.57682677804051e-06
8.91666666666667,8.47796494590321e-06
8.93333333333333,8.38031402371465e-06
8.95,8.28385878445196e-06
8.96666666666667,8.1885841957212e-06
8.98333333333333,8.09447541726521e-06
9,8.00151779850209e-06
9.01666666666667,7.90969687609551e-06
9.03333333333333,7.81899837155499e-06
9.05,7.72940818886654e-06
9.06666666666667,7.6409124121533e-06
9.08333333333333,7.55349730336547e-06
9.1,7.46714929999974e-06
9.11666666666667,7.38185501284702e-06
9.13333333333333,7.29760122376901e-06
9.15,7.21437488350283e-06
9.16666666666667,7.13216310949305e-06
9.18333333333333,7.05095318375183e-06
9.2,6.97073255074531e-06
9.21666666666667,6.89148881530764e-06
9.23333333333333,6.81320974058078e-06
9.25,6.73588324598047e-06
9.26666666666667,6.65949740518884e-06
9.28333333333333,6.58404044417112e-06
9.3,6.50950073921878e-06
9.31666666666667,6.43586681501688e-06
9.33333333333333,6.36312734273604e-06
9.35,6.29127113814902e-06
9.36666666666667,6.22028715977079e-06
9.38333333333333,6.15016450702266e-06
9.4,6.08089241841956e-06
9.41666666666667,6.0124602697806e-06
9.43333333333333,5.94485757246245e-06
9.45,5.87807397161476e-06
9.46666666666667,5.81209924445871e-06
9.48333333333333,5.74692329858692e-06
9.5,5.68253617028496e-06
9.51666666666667,5.61892802287504e-06
9.53333333333333,5.55608914508e-06
9.55,5.49400994940875e-06
9.56666666666667,5.43268097056243e-06
9.58333333333333,5.37209286386045e-06
9.6,5.3122364036873e-06
9.61666666666667,5.25310248195888e-06
9.63333333333333,5.19468210660841e-06
9.65,5.13696640009229e-06
9.66666666666667,5.07994659791428e-06
9.68333333333333,5.02361404716951e-06
9.7,4.96796020510655e-06
9.71666666666667,4.91297663770797e-06
9.73333333333333,4.85865501828979e-06
9.75,4.80498712611772e-06
9.76666666666667,4.75196484504277e-06
9.78333333333333,4.69958016215272e-06
9.8,4.64782516644223e-06
9.81666666666667,4.59669204749945e-06
9.83333333333333,4.54617309420963e-06
9.85,4.49626069347548e-06
9.86666666666667,4.44694732895401e-06
9.88333333333333,4.39822557980946e-06
9.9,4.35008811948272e-06
9.91666666666667,4.30252771447608e-06
9.93333333333333,4.25553722315407e-06
9.95,4.2091095945596e-06
9.96666666666667,4.16323786724525e-06
9.98333333333333,4.11791516811997e-06
10,4.07313471131029e-06
10.0166666666667,4.02888979703657e-06
10.0333333333333,3.98517381050358e-06
10.05,3.94198022080525e-06
10.0666666666667,3.89930257984418e-06
10.0833333333333,3.85713452126409e-06
10.1,3.81546975939737e-06
10.1166666666667,3.77430208822501e-06
10.1333333333333,3.73362538035083e-06
10.15,3.69343358598849e-06
10.1666666666667,3.65372073196196e-06
10.1833333333333,3.61448092071859e-06
10.2,3.57570832935529e-06
10.2166666666667,3.53739720865702e-06
10.2333333333333,3.49954188214793e-06
10.25,3.46213674515476e-06
10.2666666666667,3.42517626388216e-06
10.2833333333333,3.3886549745005e-06
10.3,3.35256748224485e-06
10.3166666666667,3.31690846052611e-06
10.3333333333333,3.28167265005352e-06
10.35,3.24685485796859e-06
10.3666666666667,3.21244995699008e-06
10.3833333333333,3.17845288457026e-06
10.4,3.14485864206217e-06
10.4166666666667,3.11166229389746e-06
10.4333333333333,3.07885896677501e-06
10.45,3.04644384886014e-06
10.4666666666667,3.01441218899419e-06
10.4833333333333,2.98275929591422e-06
10.5,2.95148053748298e-06
10.5166666666667,2.92057133992896e-06
10.5333333333333,2.89002718709605e-06
10.55,2.85984361970309e-06
10.5666666666667,2.83001623461322e-06
10.5833333333333,2.80054068411227e-06
10.6,2.771412675197e-06
10.6166666666667,2.74262796887221e-06
10.6333333333333,2.71418237945738e-06
10.65,2.68607177390173e-06
10.6666666666667,2.65829207110886e-06
10.6833333333333,2.63083924126971e-06
10.7,2.60370930520431e-06
10.7166666666667,2.57689833371205e-06
10.7333333333333,2.55040244693056e-06
10.75,2.52421781370267e-06
10.7666666666667,2.49834065095182e-06
10.7833333333333,2.47276722306543e-06
10.8,2.44749384128633e-06
10.8166666666667,2.42251686311221e-06
10.8333333333333,2.39783269170269e-06
10.85,2.37343777529428e-06
10.8666666666667,2.3493286066227e-06
10.8833333333333,2.32550172235307e-06
10.9,2.3019537025171e-06
10.9166666666667,2.27868116995795e-06
10.9333333333333,2.25568078978204e-06
10.95,2.23294926881815e-06
10.9666666666667,2.2104833550835e-06
10.9833333333333,2.18827983725672e-06
11,2.16633554415774e-06
11.0166666666667,2.14464734423438e-06
11.0333333333333,2.12321214505575e-06
11.05,2.10202689281197e-06
11.0666666666667,2.08108857182066e-06
11.0833333333333,2.06039420403965e-06
11.1,2.03994084858623e-06
11.1166666666667,2.01972560126234e-06
11.1333333333333,1.99974559408619e-06
11.15,1.97999799482995e-06
11.1666666666667,1.9604800065632e-06
11.1833333333333,1.94118886720267e-06
11.2,1.92212184906746e-06
11.2166666666667,1.90327625844036e-06
11.2333333333333,1.88464943513462e-06
11.25,1.86623875206649e-06
11.2666666666667,1.84804161483322e-06
11.2833333333333,1.83005546129668e-06
11.3,1.81227776117211e-06
11.3166666666667,1.79470601562256e-06
11.3333333333333,1.77733775685825e-06
11.35,1.76017054774146e-06
11.3666666666667,1.74320198139617e-06
11.3833333333333,1.72642968082317e-06
11.4,1.70985129851979e-06
11.4166666666667,1.6934645161048e-06
11.4333333333333,1.67726704394813e-06
11.45,1.66125662080531e-06
11.4666666666667,1.64543101345668e-06
11.4833333333333,1.62978801635136e-06
11.5,1.61432545125572e-06
11.5166666666667,1.59904116690636e-06
11.5333333333333,1.58393303866793e-06
11.55,1.56899896819479e-06
11.5666666666667,1.55423688309762e-06
11.5833333333333,1.53964473661405e-06
11.6,1.52522050728352e-06
11.6166666666667,1.51096219862658e-06
11.6333333333333,1.49686783882804e-06
11.65,1.48293548042455e-06
11.6666666666667,1.46916319999588e-06
11.6833333333333,1.4555490978604e-06
11.7,1.44209129777451e-06
11.7166666666667,1.42878794663588e-06
11.7333333333333,1.41563721419046e-06
11.75,1.40263729274338e-06
11.7666666666667,1.38978639687363e-06
11.7833333333333,1.37708276315227e-06
11.8,1.36452464986438e-06
11.8166666666667,1.35211033673458e-06
11.8333333333333,1.33983812465606e-06
11.85,1.32770633542321e-06
11.8666666666667,1.31571331146746e-06
11.8833333333333,1.30385741559684e-06
11.9,1.29213703073869e-06
11.9166666666667,1.28055055968568e-06
11.9333333333333,1.26909642484522e-06
11.95,1.25777306799202e-06
11.9666666666667,1.24657895002382e-06
11.9833333333333,1.23551255072033e-06
12,1.22457236850521e-06
12.0166666666667,1.21375692021113e-06
12.0333333333333,1.20306474084789e-06
12.05,1.19249438337345e-06
12.0666666666667,1.18204441846797e-06
12.0833333333333,1.17171343431068e-06
12.1,1.16150003635975e-06
12.1166666666667,1.15140284713477e-06
12.1333333333333,1.14142050600226e-06
12.15,1.13155166896375e-06
12.1666666666667,1.12179500844668e-06
12.1833333333333,1.11214921309795e-06
12.2,1.10261298758012e-06
12.2166666666667,1.09318505237018e-06
12.2333333333333,1.083864143561e-06
12.25,1.07464901266522e-06
12.2666666666667,1.06553842642169e-06
12.2833333333333,1.0565311666044e-06
12.3,1.04762602983387e-06
12.3166666666667,1.03882182739083e-06
12.3333333333333,1.03011738503251e-06
12.35,1.02151154281103e-06
12.3666666666667,1.01300315489432e-06
12.3833333333333,1.00459108938914e-06
12.4,9.96274228166537e-07
12.4166666666667,9.88051466689378e-07
12.4333333333333,9.79921713842184e-07
12.45,9.71883891763129e-07
12.4666666666667,9.63936935678072e-07
12.4833333333333,9.56079793736866e-07
12.5,9.48311426851622e-07
12.5166666666667,9.40630808537101e-07
12.5333333333333,9.33036924753115e-07
12.55,9.25528773748921e-07
12.5666666666667,9.18105365909642e-07
12.5833333333333,9.10765723604569e-07
12.6,9.03508881037474e-07
12.6166666666667,8.96333884098749e-07
12.6333333333333,8.89239790219442e-07
12.65,8.82225668227222e-07
12.6666666666667,8.75290598204027e-07
12.6833333333333,8.68433671345681e-07
12.7,8.61653989823117e-07
12.7166666666667,8.54950666645543e-07
12.7333333333333,8.48322825525182e-07
12.75,8.4176960074384e-07
12.7666666666667,8.35290137021075e-07
12.7833333333333,8.28883589384103e-07
12.8,8.22549123039316e-07
12.8166666666667,8.16285913245401e-07
12.8333333333333,8.1009314518813e-07
12.85,8.03970013856687e-07
12.8666666666667,7.97915723921516e-07
12.8833333333333,7.91929489613839e-07
12.9,7.86010534606496e-07
12.9166666666667,7.80158091896541e-07
12.9333333333333,7.74371403689048e-07
12.95,7.68649721282622e-07
12.9666666666667,7.62992304956154e-07
12.9833333333333,7.57398423857131e-07
13,7.51867355891349e-07
13.0166666666667,7.46398387613882e-07
13.0333333333333,7.40990814121589e-07
13.05,7.35643938946875e-07
13.0666666666667,7.30357073952794e-07
13.0833333333333,7.25129539229505e-07
13.1,7.19960662991976e-07
13.1166666666667,7.14849781479046e-07
13.1333333333333,7.09796238853654e-07
13.15,7.04799387104421e-07
13.1666666666667,6.99858585948366e-07
13.1833333333333,6.94973202734925e-07
13.2,6.90142612351134e-07
13.2166666666667,6.85366197127971e-07
13.2333333333333,6.8064334674794e-07
13.25,6.75973458153711e-07
13.2666666666667,6.71355935458021e-07
13.2833333333333,6.66790189854595e-07
13.3,6.62275639530234e-07
13.3166666666667,6.57811709577979e-07
13.3333333333333,6.53397831911373e-07
13.35,6.49033445179797e-07
13.3666666666667,6.44717994684807e-07
13.3833333333333,6.40450932297608e-07
13.4,6.3623171637745e-07
13.4166666666667,6.32059811691123e-07
13.4333333333333,6.27934689333406e-07
13.45,6.23855826648543e-07
13.4666666666667,6.19822707152616e-07
13.4833333333333,6.1583482045701e-07
13.5,6.11891662192694e-07
13.5166666666667,6.07992733935536e-07
13.5333333333333,6.04137543132515e-07
13.55,6.00325603028805e-07
13.5666666666667,5.96556432595848e-07
13.5833333333333,5.92829556460254e-07
13.6,5.89144504833588e-07
13.6166666666667,5.85500813443051e-07
13.6333333333333,5.8189802346301e-07
13.65,5.78335681447334e-07
13.6666666666667,5.74813339262671e-07
13.6833333333333,5.71330554022399e-07
13.7,5.67886888021534e-07
13.7166666666667,5.64481908672357e-07
13.7333333333333,5.61115188440845e-07
13.75,5.57786304783967e-07
13.7666666666667,5.54494840087597e-07
13.7833333333333,5.51240381605343e-07
13.8,5.48022521398066e-07
13.8166666666667,5.44840856274113e-07
13.8333333333333,5.41694987730368e-07
13.85,5.38584521893941e-07
13.8666666666667,5.35509069464645e-07
13.8833333333333,5.32468245658116e-07
13.9,5.2946167014971e-07
13.9166666666667,5.26488967019009e-07
13.9333333333333,5.2354976469506e-07
13.95,5.20643695902278e-07
13.9666666666667,5.17770397606992e-07
13.9833333333333,5.14929510964683e-07
14,5.12120681267834e-07
14.0166666666667,5.09343557894428e-07
14.0333333333333,5.06597794257116e-07
14.05,5.03883047752952e-07
14.0666666666667,5.0119897971375e-07
14.0833333333333,4.98545255357117e-07
14.1,4.95921543738e-07
14.1166666666667,4.93327517700875e-07
14.1333333333333,4.90762853832493e-07
14.15,4.8822723241526e-07
14.1666666666667,4.85720337381102e-07
14.1833333333333,4.83241856265968e-07
14.2,4.80791480164856e-07
14.2166666666667,4.78368903687392e-07
14.2333333333333,4.75973824913967e-07
14.25,4.73605945352365e-07
14.2666666666667,4.71264969895004e-07
14.2833333333333,4.68950606776599e-07
14.3,4.66662567532448e-07
14.3166666666667,4.64400566957107e-07
14.3333333333333,4.62164323063699e-07
14.35,4.59953557043608e-07
14.3666666666667,4.57767993226746e-07
14.3833333333333,4.5560735904226e-07
14.4,4.53471384979723e-07
14.4166666666667,4.51359804550824e-07
14.4333333333333,4.49272354251498e-07
14.45,4.47208773524534e-07
14.4666666666667,4.4516880472263e-07
14.4833333333333,4.43152193071915e-07
14.5,4.41158686635892e-07
14.5166666666667,4.39188036279835e-07
14.5333333333333,4.37239995635633e-07
14.55,4.35314321067036e-07
14.5666666666667,4.33410771635352e-07
14.5833333333333,4.31529109065533e-07
14.6,4.29669097712701e-07
14.6166666666667,4.27830504529088e-07
14.6333333333333,4.26013099031341e-07
14.65,4.2421665326828e-07
14.6666666666667,4.22440941788982e-07
14.6833333333333,4.20685741611323e-07
14.7,4.18950832190882e-07
14.7166666666667,4.17235995390193e-07
14.7333333333333,4.15541015448414e-07
14.75,4.13865678951355e-07
14.7666666666667,4.1220977480185e-07
14.7833333333333,4.10573094190535e-07
14.8,4.08955430566944e-07
14.8166666666667,4.07356579610976e-07
14.8333333333333,4.05776339204719e-07
14.85,4.04214509404593e-07
14.8666666666667,4.02670892413863e-07
14.8833333333333,4.01145292555482e-07
14.9,3.99637516245249e-07
14.9166666666667,3.98147371965314e-07
14.9333333333333,3.96674670238017e-07
14.95,3.95219223600013e-07
14.9666666666667,3.93780846576753e-07
14.9833333333333,3.92359355657266e-07
15,3.90954569269232e-07
15.0166666666667,3.89566307754386e-07
15.0333333333333,3.88194393344231e-07
15.05,3.8683865013602e-07
15.0666666666667,3.85498904069029e-07
15.0833333333333,3.84174982901214e-07
15.1,3.82866716186004e-07
15.1166666666667,3.81573935249517e-07
15.1333333333333,3.8029647316799e-07
15.15,3.79034164745489e-07
15.1666666666667,3.77786846491925e-07
15.1833333333333,3.76554356601317e-07
15.2,3.75336534930337e-07
15.2166666666667,3.74133222977116e-07
15.2333333333333,3.72944263860311e-07
15.25,3.71769502298434e-07
15.2666666666667,3.70608784589454e-07
15.2833333333333,3.69461958590631e-07
15.3,3.68328873698596e-07
15.3166666666667,3.67209380829711e-07
15.3333333333333,3.66103332400665e-07
15.35,3.65010582309268e-07
15.3666666666667,3.63930985915559e-07
15.3833333333333,3.62864400023092e-07
15.4,3.61810682860488e-07
15.4166666666667,3.60769694063207e-07
15.4333333333333,3.59741294655543e-07
15.45,3.58725347032867e-07
15.4666666666667,3.57721714944064e-07
15.4833333333333,3.56730263474228e-07
15.5,3.55750859027547e-07
15.5166666666667,3.54783369310404e-07
15.5333333333333,3.53827663314713e-07
15.55,3.52883611301458e-07
15.5666666666667,3.51951084784418e-07
15.5833333333333,3.51029956514141e-07
15.6,3.50120100462095e-07
15.6166666666667,3.49221391805024e-07
15.6333333333333,3.48333706909495e-07
15.65,3.47456923316671e-07
15.6666666666667,3.46590919727256e-07
15.6833333333333,3.45735575986647e-07
15.7,3.44890773070242e-07
15.7166666666667,3.44056393069004e-07
15.7333333333333,3.43232319175138e-07
15.75,3.42418435668011e-07
15.7666666666667,3.41614627900207e-07
15.7833333333333,3.40820782283811e-07
15.8,3.40036786276819e-07
15.8166666666667,3.39262528369785e-07
15.8333333333333,3.38497898072565e-07
15.85,3.37742785901323e-07
15.8666666666667,3.36997083365637e-07
15.8833333333333,3.3626068295579e-07
15.9,3.35533478130271e-07
15.9166666666667,3.34815363303365e-07
15.9333333333333,3.34106233832981e-07
15.95,3.334059860086e-07
15.9666666666667,3.32714517039367e-07
15.9833333333333,3.320317250424e-07
16,3.3135750903121e-07
16.0166666666667,3.30691768904248e-07
16.0333333333333,3.30034405433694e-07
16.05,3.29385320254307e-07
16.0666666666667,3.28744415852489e-07
16.0833333333333,3.28111595555434e-07
16.1,3.27486763520489e-07
16.1166666666667,3.26869824724611e-07
16.1333333333333,3.26260684953973e-07
16.15,3.25659250793758e-07
16.1666666666667,3.25065429618014e-07
16.1833333333333,3.24479129579712e-07
16.2,3.23900259600898e-07
16.2166666666667,3.23328729363032e-07
16.2333333333333,3.22764449297379e-07
16.25,3.22207330575622e-07
16.2666666666667,3.21657285100546e-07
16.2833333333333,3.21114225496849e-07
16.3,3.20578065102143e-07
16.3166666666667,3.20048717957995e-07
16.3333333333333,3.19526098801146e-07
16.35,3.19010123054871e-07
16.3666666666667,3.18500706820389e-07
16.3833333333333,3.17997766868455e-07
16.4,3.17501220631062e-07
16.4166666666667,3.17010986193244e-07
16.4333333333333,3.16526982284993e-07
16.45,3.16049128273315e-07
16.4666666666667,3.15577344154384e-07
16.4833333333333,3.15111550545791e-07
16.5,3.14651668678972e-07
16.5166666666667,3.14197620391641e-07
16.5333333333333,3.13749328120415e-07
16.55,3.13306714893544e-07
16.5666666666667,3.1286970432367e-07
16.5833333333333,3.12438220600807e-07
16.6,3.12012188485309e-07
16.6166666666667,3.11591533301038e-07
16.6333333333333,3.11176180928557e-07
16.65,3.10766057798487e-07
16.6666666666667,3.10361090884918e-07
16.6833333333333,3.09961207698932e-07
16.7,3.09566336282237e-07
16.7166666666667,3.09176405200881e-07
16.7333333333333,3.08791343539065e-07
16.75,3.0841108089305e-07
16.7666666666667,3.08035547365162e-07
16.7833333333333,3.07664673557879e-07
16.8,3.0729839056802e-07
16.8166666666667,3.06936629981019e-07
16.8333333333333,3.06579323865271e-07
16.85,3.06226404766613e-07
16.8666666666667,3.05877805702824e-07
16.8833333333333,3.05533460158274e-07
16.9,3.05193302078621e-07
16.9166666666667,3.04857265865589e-07
16.9333333333333,3.04525286371875e-07
16.95,3.04197298896057e-07
16.9666666666667,3.03873239177675e-07
16.9833333333333,3.03553043392314e-07
17,3.03236648146818e-07
17.0166666666667,3.02923990474556e-07
17.0333333333333,3.02615007830764e-07
17.05,3.02309638087985e-07
17.0666666666667,3.02007819531562e-07
17.0833333333333,3.01709490855211e-07
17.1,3.01414591156697e-07
17.1166666666667,3.01123059933503e-07
17.1333333333333,3.00834837078675e-07
17.15,3.00549862876663e-07
17.1666666666667,3.00268077999261e-07
17.1833333333333,2.99989423501619e-07
17.2,2.99713840818294e-07
17.2166666666667,2.99441271759419e-07
17.2333333333333,2.99171658506885e-07
17.25,2.98904943610645e-07
17.2666666666667,2.9864106998501e-07
17.2833333333333,2.98379980905102e-07
17.3,2.9812162000328e-07
17.3166666666667,2.97865931265692e-07
17.3333333333333,2.97612859028863e-07
17.35,2.97362347976351e-07
17.3666666666667,2.97114343135452e-07
17.3833333333333,2.96868789873983e-07
17.4,2.96625633897109e-07
17.4166666666667,2.96384821244252e-07
17.4333333333333,2.9614629828601e-07
17.45,2.95910011721191e-07
17.4666666666667,2.95675908573866e-07
17.4833333333333,2.95443936190485e-07
17.5,2.9521404223705e-07
17.5166666666667,2.94986174696351e-07
17.5333333333333,2.94760281865241e-07
17.55,2.94536312351966e-07
17.5666666666667,2.94314215073561e-07
17.5833333333333,2.94093939253274e-07
17.6,2.93875434418065e-07
17.6166666666667,2.93658650396153e-07
17.6333333333333,2.93443537314577e-07
17.65,2.93230045596854e-07
17.6666666666667,2.93018125960665e-07
17.6833333333333,2.92807729415579e-07
17.7,2.92598807260829e-07
17.7166666666667,2.92391311083153e-07
17.7333333333333,2.92185192754655e-07
17.75,2.91980404430729e-07
17.7666666666667,2.91776898548009e-07
17.7833333333333,2.91574627822387e-07
17.8,2.9137354524706e-07
17.8166666666667,2.91173604090611e-07
17.8333333333333,2.9097475789516e-07
17.85,2.90776960474526e-07
17.8666666666667,2.90580165912452e-07
17.8833333333333,2.90384328560851e-07
17.9,2.90189403038121e-07
17.9166666666667,2.89995344227459e-07
17.9333333333333,2.89802107275259e-07
17.95,2.89609647589508e-07
17.9666666666667,2.89417920838252e-07
17.9833333333333,2.89226882948064e-07
18,2.89036490102591e-07
18.0166666666667,2.88846698741103e-07
18.0333333333333,2.88657465557094e-07
18.05,2.88468747496917e-07
18.0666666666667,2.88280501758438e-07
18.0833333333333,2.88092685789746e-07
18.1,2.87905257287891e-07
18.1166666666667,2.87718174197653e-07
18.1333333333333,2.87531394710323e-07
18.15,2.87344877262552e-07
18.1666666666667,2.87158580535223e-07
18.1833333333333,2.8697246345231e-07
18.2,2.86786485179853e-07
18.2166666666667,2.86600605124875e-07
18.2333333333333,2.86414782934388e-07
18.25,2.86228978494386e-07
18.2666666666667,2.8604315192892e-07
18.2833333333333,2.8585726359915e-07
18.3,2.85671274102443e-07
18.3166666666667,2.85485144271512e-07
18.3333333333333,2.85298835173561e-07
18.35,2.85112308109475e-07
18.3666666666667,2.84925524613013e-07
18.3833333333333,2.84738446450061e-07
18.4,2.84551035617873e-07
18.4166666666667,2.84363254344366e-07
18.4333333333333,2.84175065087417e-07
18.45,2.83986430534205e-07
18.4666666666667,2.83797313600561e-07
18.4833333333333,2.83607677430352e-07
18.5,2.8341748539487e-07
18.5166666666667,2.83226701092273e-07
18.5333333333333,2.83035288347022e-07
18.55,2.82843211209351e-07
18.5666666666667,2.82650433954755e-07
18.5833333333333,2.82456921083498e-07
18.6,2.82262637320153e-07
18.6166666666667,2.82067547613143e-07
18.6333333333333,2.81871617134316e-07
18.65,2.81674811278537e-07
18.6666666666667,2.81477095663296e-07
18.6833333333333,2.81278436128332e-07
18.7,2.8107879873529e-07
18.7166666666667,2.80878149767371e-07
18.7333333333333,2.80676455729033e-07
18.75,2.8047368334567e-07
18.7666666666667,2.80269799563347e-07
18.7833333333333,2.80064771548512e-07
18.8,2.79858566687783e-07
18.8166666666667,2.79651152587666e-07
18.8333333333333,2.79442497074375e-07
18.85,2.79232568193609e-07
18.8666666666667,2.79021334210373e-07
18.8833333333333,2.788087636088e-07
18.9,2.78594825091994e-07
18.9166666666667,2.78379487581886e-07
18.9333333333333,2.78162720219104e-07
18.95,2.77944492362851e-07
18.9666666666667,2.77724773590808e-07
18.9833333333333,2.77503533699047e-07
19,2.77280742701935e-07
19.0166666666667,2.77056370832084e-07
19.0333333333333,2.76830388540293e-07
19.05,2.76602766495517e-07
19.0666666666667,2.76373475584808e-07
19.0833333333333,2.76142486913329e-07
19.1,2.75909771804335e-07
19.1166666666667,2.75675301799164e-07
19.1333333333333,2.75439048657265e-07
19.15,2.75200984356218e-07
19.1666666666667,2.74961081091779e-07
19.1833333333333,2.747193112779e-07
19.2,2.744756475468e-07
19.2166666666667,2.74230062749031e-07
19.2333333333333,2.73982529953535e-07
19.25,2.73733022447743e-07
19.2666666666667,2.73481513737651e-07
19.2833333333333,2.73227977547929e-07
19.3,2.72972387822015e-07
19.3166666666667,2.72714718722238e-07
19.3333333333333,2.72454944629945e-07
19.35,2.72193040145615e-07
19.3666666666667,2.7192898008902e-07
19.3833333333333,2.71662739499338e-07
19.4,2.71394293635341e-07
19.4166666666667,2.71123617975525e-07
19.4333333333333,2.70850688218284e-07
19.45,2.70575480282089e-07
19.4666666666667,2.70297970305657e-07
19.4833333333333,2.70018134648139e-07
19.5,2.69735949889303e-07
19.5166666666667,2.69451392829745e-07
19.5333333333333,2.6916444049107e-07
19.55,2.68875070116118e-07
19.5666666666667,2.68583259169165e-07
19.5833333333333,2.68288985336134e-07
19.6,2.67992226524842e-07
19.6166666666667,2.67692960865192e-07
19.6333333333333,2.67391166709435e-07
19.65,2.67086822632394e-07
19.6666666666667,2.66779907431698e-07
19.6833333333333,2.6647040012804e-07
19.7,2.66158279965415e-07
19.7166666666667,2.65843526411384e-07
19.7333333333333,2.65526119157322e-07
19.75,2.65206038118676e-07
19.7666666666667,2.64883263435245e-07
19.7833333333333,2.64557775471439e-07
19.8,2.6422955481654e-07
19.8166666666667,2.63898582284997e-07
19.8333333333333,2.63564838916686e-07
19.85,2.63228305977218e-07
19.8666666666667,2.62888964958184e-07
19.8833333333333,2.62546797577479e-07
19.9,2.62201785779576e-07
19.9166666666667,2.61853911735823e-07
19.9333333333333,2.61503157844733e-07
19.95,2.61149506732295e-07
19.9666666666667,2.60792941252269e-07
19.9833333333333,2.60433444486494e-07
20,2.60070999745185e-07
20.0166666666667,2.59705590567251e-07
20.0333333333333,2.59337200720615e-07
20.05,2.58965814202511e-07
20.0666666666667,2.58591415239809e-07
20.0833333333333,2.58213988289341e-07
20.1,2.57833518038209e-07
20.1166666666667,2.57449989404119e-07
20.1333333333333,2.57063387535702e-07
20.15,2.56673697812849e-07
20.1666666666667,2.56280905847029e-07
20.1833333333333,2.55884997481634e-07
20.2,2.55485958792307e-07
20.2166666666667,2.55083776087277e-07
20.2333333333333,2.54678435907714e-07
20.25,2.54269925028045e-07
20.2666666666667,2.53858230456318e-07
20.2833333333333,2.53443339434545e-07
20.3,2.53025239439033e-07
20.3166666666667,2.52603918180755e-07
20.3333333333333,2.52179363605694e-07
20.35,2.51751563895199e-07
20.3666666666667,2.51320507466342e-07
20.3833333333333,2.50886182972267e-07
20.4,2.50448579302567e-07
20.4166666666667,2.50007685583647e-07
20.4333333333333,2.49563491179077e-07
20.45,2.49115985689973e-07
20.4666666666667,2.48665158955362e-07
20.4833333333333,2.48211001052557e-07
20.5,2.47753502297538e-07
20.5166666666667,2.4729265324533e-07
20.5333333333333,2.46828444690378e-07
20.55,2.46360867666939e-07
20.5666666666667,2.45889913449468e-07
20.5833333333333,2.45415573553002e-07
20.6,2.44937839733573e-07
20.6166666666667,2.44456703988576e-07
20.6333333333333,2.4397215855719e-07
20.65,2.43484195920778e-07
20.6666666666667,2.42992808803286e-07
20.6833333333333,2.42497990171661e-07
20.7,2.4199973323625e-07
20.7166666666667,2.41498031451243e-07
20.7333333333333,2.40992878515065e-07
20.75,2.40484268370818e-07
20.7666666666667,2.39972195206706e-07
20.7833333333333,2.39456653456462e-07
20.8,2.38937637799785e-07
20.8166666666667,2.38415143162794e-07
20.8333333333333,2.37889164718454e-07
20.85,2.37359697887037e-07
20.8666666666667,2.36826738336572e-07
20.8833333333333,2.36290281983307e-07
20.9,2.35750324992162e-07
20.9166666666667,2.35206863777216e-07
20.9333333333333,2.34659895002162e-07
20.95,2.34109415580795e-07
20.9666666666667,2.33555422677494e-07
20.9833333333333,2.32997913707715e-07
21,2.32436886338477e-07
21.0166666666667,2.31872338488871e-07
21.0333333333333,2.31304268330561e-07
21.05,2.307326742883e-07
21.0666666666667,2.30157555040447e-07
21.0833333333333,2.29578909519494e-07
21.1,2.28996736912591e-07
21.1166666666667,2.28411036662095e-07
21.1333333333333,2.27821808466096e-07
21.15,2.27229052278994e-07
21.1666666666667,2.26632768312033e-07
21.1833333333333,2.26032957033876e-07
21.2,2.2542961917118e-07
21.2166666666667,2.24822755709182e-07
21.2333333333333,2.24212367892267e-07
21.25,2.23598457224577e-07
21.2666666666667,2.22981025470614e-07
21.2833333333333,2.22360074655857e-07
21.3,2.21735607067359e-07
21.3166666666667,2.21107625254399e-07
21.3333333333333,2.20476132029105e-07
21.35,2.19841130467108e-07
21.3666666666667,2.19202623908183e-07
21.3833333333333,2.1856061595692e-07
21.4,2.17915110483394e-07
21.4166666666667,2.17266111623851e-07
21.4333333333333,2.16613623781381e-07
21.45,2.15957651626641e-07
21.4666666666667,2.15298200098544e-07
21.4833333333333,2.14635274404991e-07
21.5,2.13968880023591e-07
21.5166666666667,2.13299022702407e-07
21.5333333333333,2.12625708460699e-07
21.55,2.11948943589686e-07
21.5666666666667,2.11268734653325e-07
21.5833333333333,2.10585088489068e-07
21.6,2.0989801220868e-07
21.6166666666667,2.09207513199023e-07
21.6333333333333,2.08513599122874e-07
21.65,2.07816277919756e-07
21.6666666666667,2.07115557806765e-07
21.6833333333333,2.06411447279412e-07
21.7,2.05703955112497e-07
21.7166666666667,2.04993090360965e-07
21.7333333333333,2.04278862360797e-07
21.75,2.03561280729891e-07
21.7666666666667,2.02840355368977e-07
21.7833333333333,2.02116096462536e-07
21.8,2.01388514479713e-07
21.8166666666667,2.00657620175283e-07
21.8333333333333,1.99923424590577e-07
21.85,1.99185939054475e-07
21.8666666666667,1.9844517518435e-07
21.8833333333333,1.97701144887099e-07
21.9,1.96953860360114e-07
21.9166666666667,1.96203334092311e-07
21.9333333333333,1.95449578865157e-07
21.95,1.94692607753707e-07
21.9666666666667,1.93932434127666e-07
21.9833333333333,1.93169071652441e-07
22,1.92402534290235e-07
22.0166666666667,1.91632836301132e-07
22.0333333333333,1.908599922442e-07
22.05,1.90084016978608e-07
22.0666666666667,1.89304925664762e-07
22.0833333333333,1.88522733765444e-07
22.1,1.87737457046974e-07
22.1166666666667,1.86949111580361e-07
22.1333333333333,1.86157713742511e-07
22.15,1.85363280217401e-07
22.1666666666667,1.84565827997294e-07
22.1833333333333,1.83765374383956e-07
22.2,1.8296193698989e-07
22.2166666666667,1.82155533739587e-07
22.2333333333333,1.81346182870766e-07
22.25,1.80533902935666e-07
22.2666666666667,1.79718712802314e-07
22.2833333333333,1.78900631655822e-07
22.3,1.78079678999691e-07
22.3166666666667,1.7725587465714e-07
22.3333333333333,1.76429238772428e-07
22.35,1.75599791812194e-07
22.3666666666667,1.74767554566821e-07
22.3833333333333,1.73932548151788e-07
22.4,1.73094794009059e-07
22.4166666666667,1.72254313908466e-07
22.4333333333333,1.71411129949103e-07
22.45,1.70565264560747e-07
22.4666666666667,1.69716740505264e-07
22.4833333333333,1.68865580878053e-07
22.5,1.68011809109478e-07
22.5166666666667,1.67155448966317e-07
22.5333333333333,1.66296524553235e-07
22.55,1.65435060314238e-07
22.5666666666667,1.64571081034158e-07
22.5833333333333,1.63704611840147e-07
22.6,1.62835678203165e-07
22.6166666666667,1.6196430593948e-07
22.6333333333333,1.61090521212197e-07
22.65,1.60214350532764e-07
22.6666666666667,1.59335820762501e-07
22.6833333333333,1.58454959114143e-07
22.7,1.57571793153367e-07
22.7166666666667,1.56686350800354e-07
22.7333333333333,1.5579866033133e-07
22.75,1.54908750380126e-07
22.7666666666667,1.54016649939755e-07
22.7833333333333,1.53122388363959e-07
22.8,1.52225995368795e-07
22.8166666666667,1.5132750103421e-07
22.8333333333333,1.50426935805611e-07
22.85,1.49524330495461e-07
22.8666666666667,1.48619716284846e-07
22.8833333333333,1.4771312472508e-07
22.9,1.46804587739279e-07
22.9166666666667,1.4589413762395e-07
22.9333333333333,1.44981807050585e-07
22.95,1.44067629067245e-07
22.9666666666667,1.43151637100154e-07
22.9833333333333,1.42233864955268e-07
23,1.41314346819879e-07
23.0166666666667,1.40393117264183e-07
23.0333333333333,1.39470211242865e-07
23.05,1.38545664096663e-07
23.0666666666667,1.37619511553949e-07
23.0833333333333,1.36691789732289e-07
23.1,1.35762535140001e-07
23.1166666666667,1.34831784677697e-07
23.1333333333333,1.3389957563985e-07
23.15,1.32965945716315e-07
23.1666666666667,1.32030932993861e-07
23.1833333333333,1.31094575957685e-07
23.2,1.30156913492933e-07
23.2166666666667,1.29217984886188e-07
23.2333333333333,1.28277829826963e-07
23.25,1.27336488409169e-07
23.2666666666667,1.26394001132582e-07
23.2833333333333,1.25450408904297e-07
23.3,1.24505753040139e-07
23.3166666666667,1.23560075266103e-07
23.3333333333333,1.22613417719749e-07
23.35,1.2166582295158e-07
23.3666666666667,1.20717333926415e-07
23.3833333333333,1.19767994024732e-07
23.4,1.18817847044003e-07
23.4166666666667,1.17866937199993e-07
23.4333333333333,1.16915309128057e-07
23.45,1.15963007884389e-07
23.4666666666667,1.15010078947283e-07
23.4833333333333,1.14056568218332e-07
23.5,1.13102522023633e-07
23.5166666666667,1.12147987114944e-07
23.5333333333333,1.11193010670837e-07
23.55,1.10237640297804e-07
23.5666666666667,1.09281924031335e-07
23.5833333333333,1.08325910336991e-07
23.6,1.07369648111411e-07
23.6166666666667,1.06413186683318e-07
23.6333333333333,1.05456575814483e-07
23.65,1.04499865700649e-07
23.6666666666667,1.03543106972427e-07
23.6833333333333,1.02586350696166e-07
23.7,1.01629648374777e-07
23.7166666666667,1.0067305194852e-07
23.7333333333333,9.97166137957596e-08
23.75,9.87603867336855e-08
23.7666666666667,9.78044240189862e-08
23.7833333333333,9.68487793484925e-08
23.8,9.5893506859763e-08
23.8166666666667,9.4938661131658e-08
23.8333333333333,9.39842971848436e-08
23.85,9.30304704822738e-08
23.8666666666667,9.20772369296119e-08
23.8833333333333,9.11246528756251e-08
23.9,9.01727751125216e-08
23.9166666666667,8.92216608762516e-08
23.9333333333333,8.82713678467592e-08
23.95,8.73219541481903e-08
23.9666666666667,8.63734783490459e-08
23.9833333333333,8.54259994623042e-08
24,8.44795769454819e-08
