AA,Isotope,T0A_1,T0A_2,T0B_1,T0B_2,T1_1,T1_2,T2_1,T2_2,T3_1,T3_2,T4_1,T4_2,T5_1,T5_2,T6_1,T6_2,T7_1,T7_2,T8_1,T8_2,T9_1,T9_2,T10_1,T10_2,T11_1,T11_2,T12_1,T12_2
alanine,C12 PARENT,1,1,1,1,1,1,1,1,1,0.926199,0.940066,1,0.80414,0.917705,0.844058,0.828058,0.416063,0.390624,0.527875,0.584823,0.67442,0.528575,0.394067,0.420092,0.363563,0.273674,0.315786,0.313694
alanine,O18-label-1,0,0,0,0,0,0,0,0,0,0.0738005,0.0599343,0,0.19586,0.0822954,0.125986,0.171942,0.442817,0.413118,0.472125,0.290907,0.32558,0.288633,0.405239,0.365469,0.387962,0.443658,0.549001,0.520217
alanine,O18-label-2,0,0,0,0,0,0,0,0,0,0,0,0,0,0,0.0299557,0,0.14112,0.196258,0,0.12427,0,0.182792,0.200694,0.21444,0.248474,0.282667,0.135213,0.166089
arginine,C12 PARENT,1,1,1,1,1,1,1,1,1,1,1,1,1,1,1,1,0.50925,0.543816,0.598866,0.655618,1,0.536893,0.348184,0.421541,0.392224,0.359279,0.377675,0.369665
arginine,O18-label-1,0,0,0,0,0,0,0,0,0,0,0,0,0,0,0,0,0.49075,0.456184,0.401134,0.344382,0,0.463107,0.570313,0.578459,0.607776,0.640721,0.498746,0.529556
arginine,O18-label-2,0,0,0,0,0,0,0,0,0,0,0,0,0,0,0,0,0,0,0,0,0,0,0.0815035,0,0,0,0.123579,0.100779
asparagine,C12 PARENT,0,1,1,1,1,1,1,1,0.684763,0.746131,1,0.56937,0.853072,0.835445,0.792945,0.71084,0.469954,0.43754,0.558069,0.546301,0.396216,1,0.330255,0.325987,0.283314,0.29197,0.364902,0.345032
asparagine,O18-label-1,0,0,0,0,0,0,0,0,0.315237,0.253869,0,0.43063,0.146928,0.164555,0.207055,0.28916,0.530046,0.517124,0.409173,0.436892,0.563046,0,0.583763,0.674013,0.62452,0.70803,0.518389,0.525741
asparagine,O18-label-2,0,0,0,0,0,0,0,0,0,0,0,0,0,0,0,0,0,0.0453358,0.0327577,0.016806,0.0407382,0,0.0859824,0,0.0848121,0,0.111654,0.122968
asparagine,O18-label-3,0,0,0,0,0,0,0,0,0,0,0,0,0,0,0,0,0,0,0,0,0,0,0,0,0.00735372,0,0.00505501,0.0062593
aspartate,C12 PARENT,1,0.987256,1,1,0.97477,0.985246,1,0.934026,0.866791,0.993176,0.850956,1,0.763853,0.782414,0.727647,0.639613,0.215229,0.823665,1,0.399004,0.335852,0.583743,0.192687,0.500703,0.210335,1,0.0880225,0.0970965
aspartate,O18-label-1,0,0,0,0,0.0252296,0.0147536,0,0.0659744,0.12208,0,0.149044,0,0.191627,0.187773,0.185673,0.241052,0.333521,0,0,0.420267,0.334236,0.416257,0.257917,0,0.336188,0,0.288322,0.28419
aspartate,O18-label-2,0,0,0,0,0,0,0,0,0.011129,0.00682449,0,0,0.039043,0.029813,0.0675119,0.0747104,0.385725,0,0,0,0.295197,0,0.315107,0,0,0,0.37996,0.355298
aspartate,O18-label-3,0,0.0127445,0,0,0,0,0,0,0,0,0,0,0.00547708,0,0.0191675,0.0446246,0,0,0,0.180729,0,0,0.23429,0.499297,0.453477,0,0.213655,0.220396
aspartate,O18-label-4,0,0,0,0,0,0,0,0,0,0,0,0,0,0,0,0,0.0655243,0.176335,0,0,0.0347158,0,0,0,0,0,0.0300405,0.0430203
glutamate,C12 PARENT,1,1,1,1,0.964957,0.964247,0.92041,0.912726,0.83179,0.843826,0.800853,0.797006,0.729799,0.725247,0.618208,0.61941,0.146996,0.146746,0.246531,0.238019,0.154182,0.159685,0.0868855,0.077513,0.0759847,0.0726215,0.0884311,0.0922798
glutamate,O18-label-1,0,0,0,0,0.035043,0.0346704,0.0760963,0.0817754,0.143155,0.138744,0.181472,0.176693,0.23331,0.236513,0.293261,0.294426,0.303488,0.298796,0.342176,0.356722,0.301215,0.295324,0.241462,0.280244,0.252317,0.248006,0.281632,0.283638
glutamate,O18-label-2,0,0,0,0,0,0.00108288,0.00349382,0.00549817,0.0232784,0.0162194,0.0176752,0.0263019,0.0320442,0.0329908,0.073936,0.0704298,0.332025,0.326237,0.283443,0.28385,0.330601,0.337109,0.378737,0.376709,0.35346,0.363383,0.37113,0.366856
glutamate,O18-label-3,0,0,0,0,0,0,0,0,0.00177645,0.00121067,0,0,0.00484668,0.00428524,0.0136167,0.0137393,0.183,0.191956,0.11335,0.106796,0.184305,0.181739,0.236664,0.21956,0.25722,0.265561,0.218053,0.214013
glutamate,O18-label-4,0,0,0,0,0,0,0,0,0,0,0,0,0,0.000964504,0.000978259,0.0019948,0.0344909,0.0362654,0.0144996,0.0146131,0.029696,0.0261425,0.0562504,0.0459736,0.0610183,0.0504274,0.0407547,0.0432134
histidine,C12 PARENT,1,1,1,1,1,1,1,1,1,0,1,1,1,0,1,1,0.650793,1,1,1,1,1,1,1,1,1,0.515022,0.474111
histidine,O18-label-1,0,0,0,0,0,0,0,0,0,0,0,0,0,0,0,0,0.349207,0,0,0,0,0,0,0,0,0,0.381055,0.444755
histidine,O18-label-2,0,0,0,0,0,0,0,0,0,0,0,0,0,0,0,0,0,0,0,0,0,0,0,0,0,0,0.103923,0.0811348
leucine,C12 PARENT,1,1,1,1,1,1,1,0.929542,0.865344,0.829398,0.78976,0.842938,0.764209,0.774708,0.801266,0.915474,0.199823,0.177102,0.267323,0.33055,0.244999,0.220834,0.20387,0.176086,0.136631,0.179348,0.287419,0.285344
leucine,O18-label-1,0,0,0,0,0,0,0,0.0704579,0.134656,0.170602,0.21024,0.157062,0.207589,0.178912,0.154937,0,0.522636,0.4937,0.488459,0.483131,0.497851,0.466232,0.5326,0.561858,0.540044,0.50759,0.503735,0.51428
leucine,O18-label-2,0,0,0,0,0,0,0,0,0,0,0,0,0.0282023,0.0463796,0.0437966,0.0845257,0.27754,0.329198,0.244218,0.186319,0.25715,0.312933,0.26353,0.262056,0.323325,0.313062,0.208845,0.200375
isoleucine,C12 PARENT,0,1,1,1,1,0.968626,0,1,1,1,1,1,0.800969,0.820715,0.809121,0.788776,0.336652,0.377622,0.483861,0.488952,0.383662,0.432626,0.306325,0.281913,0.291685,0.287613,0.346043,0.332994
isoleucine,O18-label-1,0,0,0,0,0,0.0313737,0,0,0,0,0,0,0.199031,0.179285,0.190879,0.211224,0.552855,0.517461,0.484713,0.444771,0.484746,0.466753,0.522207,0.540952,0.503022,0.571046,0.511134,0.519053
isoleucine,O18-label-2,0,0,0,0,0,0,0,0,0,0,0,0,0,0,0,0,0.110493,0.104916,0.0314261,0.0662769,0.131592,0.100622,0.171468,0.177135,0.205293,0.141341,0.142823,0.147953
lysine,C12 PARENT,1,1,1,1,1,1,1,1,1,1,1,1,0.92609,1,1,1,0.540884,1,0.392188,1,0.506745,0.417883,0.402516,0.302773,0.383273,0.537415,0.440053,0.358688
lysine,O18-label-1,0,0,0,0,0,0,0,0,0,0,0,0,0.0739101,0,0,0,0.459116,0,0.607812,0,0.493255,0.494177,0.597484,0.634153,0.556353,0.462585,0.452153,0.5294
lysine,O18-label-2,0,0,0,0,0,0,0,0,0,0,0,0,0,0,0,0,0,0,0,0,0,0.0879402,0,0.0630735,0.0603738,0,0.107794,0.111912
phenylalanine,C12 PARENT,1,1,1,1,0.886681,1,1,1,0.850742,1,1,1,0.795436,0.815654,0.699273,0.754984,0.302868,0.294778,0.431872,0.405091,0.318583,0.306281,0.243769,0.211723,0.206653,0.16218,0.267062,0.277842
phenylalanine,O18-label-1,0,0,0,0,0.113318,0,0,0,0.149258,0,0,0,0.1915,0.184346,0.300727,0.245016,0.556063,0.557223,0.44178,0.488746,0.530015,0.546465,0.562982,0.581755,0.579955,0.582816,0.52514,0.521433
phenylalanine,O18-label-2,0,0,0,0,0,0,0,0,0,0,0,0,0.0130638,0,0,0,0.141069,0.147999,0.126348,0.106163,0.151402,0.147255,0.193249,0.206522,0.213392,0.255004,0.207799,0.200725
proline,C12 PARENT,1,1,1,1,1,1,1,1,1,1,1,1,1,1,0.848893,1,0.421771,0.219081,0.616599,0.760607,0.489322,0.560253,0.32688,0.59648,0,0.274484,0.377789,0.414631
proline,O18-label-1,0,0,0,0,0,0,0,0,0,0,0,0,0,0,0.151107,0,0.498706,0.696509,0.383401,0.239393,0.43892,0.396622,0.543843,0.360746,0.787841,0.546215,0.510029,0.514153
proline,O18-label-2,0,0,0,0,0,0,0,0,0,0,0,0,0,0,0,0,0.0795233,0.0844103,0,0,0.071758,0.0431257,0.129277,0.0427745,0.212159,0.179302,0.112183,0.0712156
serine,C12 PARENT,1,1,1,1,1,1,1,1,1,0.906119,1,1,0.802012,0.83935,0.822644,0.780985,0.388046,0.346885,0,0.473954,0.427024,0.379165,0.510212,0,0.236019,0.222487,0.339318,0.259545
serine,O18-label-1,0,0,0,0,0,0,0,0,0,0.063567,0,0,0.197988,0.16065,0.139403,0.219015,0.611954,0.484887,0.669278,0.436224,0.371972,0.318041,0.489788,0.467127,0.188929,0.417004,0.417312,0.485225
serine,O18-label-2,0,0,0,0,0,0,0,0,0,0,0,0,0,0,0.0379532,0,0,0.137295,0.330722,0.0898213,0.176737,0.236496,0,0.532873,0.492919,0.300906,0.204564,0.238677
serine,O18-label-3,0,0,0,0,0,0,0,0,0,0.0303145,0,0,0,0,0,0,0,0.0309334,0,0,0.0242669,0.0662977,0,0,0.0821332,0.059603,0.0388056,0.0165527
valine,C12 PARENT,1,1,1,1,1,1,0.933475,1,1,1,1,1,0.927882,0.857951,0.936349,0.82658,0.275527,0.219783,0.461776,0.305831,0.36334,0.432251,0.3862,0.317524,0.193923,0.160451,0.378122,0.32245
valine,O18-label-1,0,0,0,0,0,0,0.0665247,0,0,0,0,0,0.0721185,0.142049,0.0636507,0.17342,0.555233,0.583809,0.444914,0.626101,0.436796,0.487566,0.453279,0.386685,0.543696,0.632825,0.303399,0.501654
valine,O18-label-2,0,0,0,0,0,0,0,0,0,0,0,0,0,0,0,0,0.169241,0.196409,0.0933101,0.0680682,0.199864,0.0801837,0.160521,0.295791,0.262381,0.206723,0.318479,0.175896
tyrosine,C12 PARENT,1,1,1,1,1,1,1,1,1,1,1,1,0.986492,1,0.987898,1,0.870723,0.875866,0.939179,0.956561,0.903866,0.890117,0.855416,0.874487,0.947554,0.808753,0.529789,0.50216
tyrosine,O18-label-1,0,0,0,0,0,0,0,0,0,0,0,0,0.0135077,0,0.0121023,0,0.109001,0.100362,0.0608212,0.0434386,0.0873918,0.109883,0.123828,0.090617,0,0.150211,0.376327,0.385296
tyrosine,O18-label-2,0,0,0,0,0,0,0,0,0,0,0,0,0,0,0,0,0.0202755,0.0237729,0,0,0.00874265,0,0.0207559,0.0348964,0.0524463,0.041036,0.0938845,0.112544
tyrosine,O18-label-3,0,0,0,0,0,0,0,0,0,0,0,0,0,0,0,0,0,0,0,0,0,0,0,0,0,0,0,0
glutamine,C12 PARENT,0.947633,1,1,1,0.990804,0.989485,0.954269,0.954515,0.930776,0.921011,0.894048,0.897111,0.846493,0.850356,0.74594,0.745357,0.204623,0.214264,0.321966,0.329442,0.223447,0.228891,0.112152,0.137693,0.11265,0.118827,0.161185,0.162818
glutamine,O18-label-1,0.0523666,0,0,0,0.00919606,0.0105148,0.0428616,0.0454854,0.0641753,0.0772784,0.0974171,0.0991712,0.143201,0.137342,0.226773,0.224711,0.450439,0.427316,0.443912,0.46196,0.446009,0.466591,0.422596,0.411066,0.379005,0.392637,0.404327,0.401119
glutamine,O18-label-2,0,0,0,0,0,0,0,0,0.00504877,0.00171096,0.00853532,0.00371826,0.0103066,0.0123019,0.0272871,0.0280582,0.289657,0.293708,0.211719,0.185518,0.281513,0.256754,0.377467,0.361991,0.3888,0.379188,0.342399,0.338548
glutamine,O18-label-3,0,0,0,0,0,0,0.00286981,0,0,0,0,0,0,0,0,0.00187429,0.0552807,0.0647115,0.0224025,0.0230804,0.0490312,0.047764,0.0877849,0.0892503,0.119546,0.109348,0.0920896,0.0975158
tryptophan,C12 PARENT,1,1,1,1,0.937796,0.946738,1,1,0.917078,0.929583,1,1,0.913597,0.902098,0.867213,0.853372,0.509214,0.536896,0.680323,0.666419,0.587492,0.586857,0.51575,0.478369,0.390321,0.336465,0.385477,0.353258
tryptophan,O18-label-1,0,0,0,0,0.0622041,0.0532616,0,0,0.0829215,0.0704172,0,0,0.0864027,0.0979023,0.132787,0.146628,0.415145,0.368314,0.277835,0.281204,0.355698,0.327649,0.356865,0.391541,0.468603,0.486888,0.48062,0.508607
tryptophan,O18-label-2,0,0,0,0,0,0,0,0,0,0,0,0,0,0,0,0,0.0756409,0.0947903,0.0418422,0.0523769,0.0568107,0.0854934,0.127385,0.13009,0.141075,0.176647,0.133903,0.138135
threonine,C12 PARENT,1,1,1,1,1,1,1,1,0.907428,1,1,1,0.873124,1,0.750782,0.877823,0.413444,0.237695,0.515819,0.505669,0.729846,0.320108,0.298615,0.30921,0.231567,0.32691,0.279401,0.307712
threonine,O18-label-1,0,0,0,0,0,0,0,0,0.0925722,0,0,0,0.126876,0,0.249218,0.122177,0.433017,0.606211,0.447197,0.383836,0.119579,0.623113,0.416379,0.513624,0.582703,0.53611,0.616685,0.576739
threonine,O18-label-2,0,0,0,0,0,0,0,0,0,0,0,0,0,0,0,0,0.153539,0.156095,0.036984,0.110495,0.150575,0.0567795,0.285006,0.177166,0.18573,0.13698,0.103915,0.11555
threonine,O18-label-3,0,0,0,0,0,0,0,0,0,0,0,0,0,0,0,0,0,0,0,0,0,0,0,0,0,0,0,0
methionine,C12 PARENT,1,1,1,1,1,1,1,0.662783,1,0.773418,1,1,1,0.568905,0.559222,1,0.0949058,0.14003,0.375163,0.3302,0.19354,0.641525,1,1,0.11588,0.197436,0.236823,0.223443
methionine,O18-label-1,0,0,0,0,0,0,0,0.337217,0,0.226582,0,0,0,0.431095,0.440778,0,0.511159,0.476233,0,0.387716,0.80646,0.358475,0,0,0.541108,0.448079,0.544331,0.504642
methionine,O18-label-2,0,0,0,0,0,0,0,0,0,0,0,0,0,0,0,0,0.393935,0.383737,0.624837,0.282084,0,0,0,0,0.343011,0.354484,0.218846,0.271915
glycine,C12 PARENT,1,1,0.994954849,1,1,1,0.996102434,1,0.997824147,1,1,0.99744491,0.991987904,0.996311583,0.984740241,0.995214156,0.718425153,0.795575112,0.832326917,0.8823102,0.846106693,0.863895941,0.800011813,0.806020537,0.625553017,0.866975286,0.525650669,0.462286499
glycine,O18-label-1,0,0,0.005045151,0,0,0,0.003897566,0,0.002175853,0,0,0.00255509,0.008012096,0.003688417,0.015259759,0.004785844,0.251950748,0.182592322,0.159515507,0.1176898,0.137318325,0.126994673,0.174512238,0.169363823,0.320063041,0.098585828,0.377396998,0.463454201
glycine,O18-label-2,0,0,0,0,0,0,0,0,0,0,0,0,0,0,0,0,0.029624099,0.021832566,0.008157576,0,0.016574982,0.009109386,0.025475949,0.02461564,0.054383943,0.034438886,0.096952333,0.0742593
