formula,compound,isotopeLabel,Sample,IonCount,fraction.all
C3H7NO2,alanine,C12 PARENT,col009b2_T0,1626286.5,0.99416594
C3H7NO2,alanine,O18-label-1,col009b2_T0,9543.53,0.00583406
C3H7NO2,alanine,O18-label-2,col009b2_T0,0,0
C6H14N4O2,arginine,C12 PARENT,col009b2_T0,30737.02,1
C6H14N4O2,arginine,O18-label-1,col009b2_T0,0,0
C6H14N4O2,arginine,O18-label-2,col009b2_T0,0,0
C4H8N2O3,asparagine,C12 PARENT,col009b2_T0,19044.56,0.910011215
C4H8N2O3,asparagine,O18-label-1,col009b2_T0,1883.27,0.089988785
C4H8N2O3,asparagine,O18-label-2,col009b2_T0,0,0
C4H7NO4,aspartate,C12 PARENT,col009b2_T0,10476.39,1
C4H7NO4,aspartate,O18-label-1,col009b2_T0,0,0
C4H7NO4,aspartate,O18-label-2,col009b2_T0,0,0
C4H7NO4,aspartate,O18-label-3,col009b2_T0,0,0
C4H7NO4,aspartate,O18-label-4,col009b2_T0,0,0
C5H9NO4,glutamate,C12 PARENT,col009b2_T0,640640.94,0.995289935
C5H9NO4,glutamate,O18-label-1,col009b2_T0,3031.74,0.004710065
C5H9NO4,glutamate,O18-label-2,col009b2_T0,0,0
C5H9NO4,glutamate,O18-label-3,col009b2_T0,0,0
C5H9NO4,glutamate,O18-label-4,col009b2_T0,0,0
C5H10N2O3,glutamine,C12 PARENT,col009b2_T0,855539.69,0.995498253
C5H10N2O3,glutamine,O18-label-1,col009b2_T0,3868.84,0.004501747
C5H10N2O3,glutamine,O18-label-2,col009b2_T0,0,0
C5H10N2O3,glutamine,O18-label-3,col009b2_T0,0,0
C2H5NO2,glycine,C12 PARENT,col009b2_T0,25572.81,1
C2H5NO2,glycine,O18-label-1,col009b2_T0,0,0
C2H5NO2,glycine,O18-label-2,col009b2_T0,0,0
C6H9N3O2,histidine,C12 PARENT,col009b2_T0,353388.38,0.991490743
C6H9N3O2,histidine,O18-label-1,col009b2_T0,3032.88,0.008509257
C6H9N3O2,histidine,O18-label-2,col009b2_T0,0,0
C6H13NO2,isoleucine,C12 PARENT,col009b2_T0,153086.34,0.996960465
C6H13NO2,isoleucine,O18-label-1,col009b2_T0,466.73,0.003039535
C6H13NO2,isoleucine,O18-label-2,col009b2_T0,0,0
C6H14N2O2,lysine,C12 PARENT,col009b2_T0,5740.14,1
C6H14N2O2,lysine,O18-label-1,col009b2_T0,0,0
C6H14N2O2,lysine,O18-label-2,col009b2_T0,0,0
C5H11NO2S,methionine,C12 PARENT,col009b2_T0,20855.65,1
C5H11NO2S,methionine,O18-label-1,col009b2_T0,0,0
C5H11NO2S,methionine,O18-label-2,col009b2_T0,0,0
C9H11NO2,phenylalanine,C12 PARENT,col009b2_T0,357443.62,0.994034767
C9H11NO2,phenylalanine,O18-label-1,col009b2_T0,1732.37,0.004817644
C9H11NO2,phenylalanine,O18-label-2,col009b2_T0,412.66,0.001147589
C5H9NO2,proline,C12 PARENT,col009b2_T0,272686.12,0.997387786
C5H9NO2,proline,O18-label-1,col009b2_T0,714.18,0.002612214
C5H9NO2,proline,O18-label-2,col009b2_T0,0,0
C3H7NO3,serine,C12 PARENT,col009b2_T0,15845.36,1
C3H7NO3,serine,O18-label-1,col009b2_T0,0,0
C3H7NO3,serine,O18-label-2,col009b2_T0,0,0
C3H7NO3,serine,O18-label-3,col009b2_T0,0,0
C4H9NO3,threonine,C12 PARENT,col009b2_T0,54901.08,0.992360062
C4H9NO3,threonine,O18-label-1,col009b2_T0,422.67,0.007639938
C4H9NO3,threonine,O18-label-2,col009b2_T0,0,0
C11H12N2O2,tryptophan,C12 PARENT,col009b2_T0,46749.62,0.975301005
C11H12N2O2,tryptophan,O18-label-1,col009b2_T0,1183.91,0.024698995
C11H12N2O2,tryptophan,O18-label-2,col009b2_T0,0,0
C9H11NO3,tyrosine,C12 PARENT,col009b2_T0,6577.55,1
C9H11NO3,tyrosine,O18-label-1,col009b2_T0,0,0
C9H11NO3,tyrosine,O18-label-2,col009b2_T0,0,0
C5H11NO2,valine,C12 PARENT,col009b2_T0,130687.24,0.99666219
C5H11NO2,valine,O18-label-1,col009b2_T0,437.67,0.00333781
C5H11NO2,valine,O18-label-2,col009b2_T0,0,0
C3H7NO2,alanine,C12 PARENT,col009b2_T1,732377.56,0.903406828
C3H7NO2,alanine,O18-label-1,col009b2_T1,57281.63,0.070658385
C3H7NO2,alanine,O18-label-2,col009b2_T1,21024.92,0.025934787
C6H14N4O2,arginine,C12 PARENT,col009b2_T1,12084.35,0.627557623
C6H14N4O2,arginine,O18-label-1,col009b2_T1,5579.74,0.289763899
C6H14N4O2,arginine,O18-label-2,col009b2_T1,1592.07,0.082678478
C4H8N2O3,asparagine,C12 PARENT,col009b2_T1,11315.98,0.68889361
C4H8N2O3,asparagine,O18-label-1,col009b2_T1,4551.31,0.277074401
C4H8N2O3,asparagine,O18-label-2,col009b2_T1,559.02,0.034031989
C4H7NO4,aspartate,C12 PARENT,col009b2_T1,11755.78,0.705394485
C4H7NO4,aspartate,O18-label-1,col009b2_T1,2321.53,0.139301217
C4H7NO4,aspartate,O18-label-2,col009b2_T1,1845.81,0.110756087
C4H7NO4,aspartate,O18-label-3,col009b2_T1,420.53,0.025233506
C4H7NO4,aspartate,O18-label-4,col009b2_T1,321.89,0.019314706
C5H9NO4,glutamate,C12 PARENT,col009b2_T1,601571.69,0.626163159
C5H9NO4,glutamate,O18-label-1,col009b2_T1,264547.44,0.275361795
C5H9NO4,glutamate,O18-label-2,col009b2_T1,85777.78,0.089284264
C5H9NO4,glutamate,O18-label-3,col009b2_T1,7375.56,0.007677063
C5H9NO4,glutamate,O18-label-4,col009b2_T1,1454.27,0.001513719
C5H10N2O3,glutamine,C12 PARENT,col009b2_T1,521307.75,0.892143492
C5H10N2O3,glutamine,O18-label-1,col009b2_T1,51571.68,0.088257538
C5H10N2O3,glutamine,O18-label-2,col009b2_T1,11452.3,0.01959897
C5H10N2O3,glutamine,O18-label-3,col009b2_T1,0,0
C2H5NO2,glycine,C12 PARENT,col009b2_T1,16539.84,0.683832376
C2H5NO2,glycine,O18-label-1,col009b2_T1,6597.21,0.272758732
C2H5NO2,glycine,O18-label-2,col009b2_T1,1049.93,0.043408892
C6H9N3O2,histidine,C12 PARENT,col009b2_T1,256264.09,0.871462935
C6H9N3O2,histidine,O18-label-1,col009b2_T1,34397.39,0.116973277
C6H9N3O2,histidine,O18-label-2,col009b2_T1,3400.47,0.011563788
C6H13NO2,isoleucine,C12 PARENT,col009b2_T1,94294.77,0.711888595
C6H13NO2,isoleucine,O18-label-1,col009b2_T1,33669.11,0.254188598
C6H13NO2,isoleucine,O18-label-2,col009b2_T1,4493.32,0.033922807
C6H14N2O2,lysine,C12 PARENT,col009b2_T1,3602.07,0.636535209
C6H14N2O2,lysine,O18-label-1,col009b2_T1,1455.8,0.257259842
C6H14N2O2,lysine,O18-label-2,col009b2_T1,601,0.106204949
C5H11NO2S,methionine,C12 PARENT,col009b2_T1,6723.26,0.361690968
C5H11NO2S,methionine,O18-label-1,col009b2_T1,6830.42,0.36745585
C5H11NO2S,methionine,O18-label-2,col009b2_T1,5034.73,0.270853182
C9H11NO2,phenylalanine,C12 PARENT,col009b2_T1,305528.91,0.80677114
C9H11NO2,phenylalanine,O18-label-1,col009b2_T1,57426.24,0.151638132
C9H11NO2,phenylalanine,O18-label-2,col009b2_T1,15750.65,0.041590728
C5H9NO2,proline,C12 PARENT,col009b2_T1,209747.5,0.920949859
C5H9NO2,proline,O18-label-1,col009b2_T1,15036.44,0.066021322
C5H9NO2,proline,O18-label-2,col009b2_T1,2967.33,0.013028819
C3H7NO3,serine,C12 PARENT,col009b2_T1,2795.59,0.189657793
C3H7NO3,serine,O18-label-1,col009b2_T1,8633.22,0.585692983
C3H7NO3,serine,O18-label-2,col009b2_T1,2898.83,0.196661778
C3H7NO3,serine,O18-label-3,col009b2_T1,412.54,0.027987447
C4H9NO3,threonine,C12 PARENT,col009b2_T1,34915.28,0.837204128
C4H9NO3,threonine,O18-label-1,col009b2_T1,5719.47,0.13714236
C4H9NO3,threonine,O18-label-2,col009b2_T1,1069.87,0.025653513
C11H12N2O2,tryptophan,C12 PARENT,col009b2_T1,33933.08,0.929957508
C11H12N2O2,tryptophan,O18-label-1,col009b2_T1,2078.8,0.056970828
C11H12N2O2,tryptophan,O18-label-2,col009b2_T1,476.97,0.013071664
C9H11NO3,tyrosine,C12 PARENT,col009b2_T1,2986.96,0.910253363
C9H11NO3,tyrosine,O18-label-1,col009b2_T1,294.5,0.089746637
C9H11NO3,tyrosine,O18-label-2,col009b2_T1,0,0
C5H11NO2,valine,C12 PARENT,col009b2_T1,85312.67,0.728572496
C5H11NO2,valine,O18-label-1,col009b2_T1,29191.69,0.249297818
C5H11NO2,valine,O18-label-2,col009b2_T1,2591.29,0.022129686
C3H7NO2,alanine,C12 PARENT,col009b2_T2,878739.56,0.884965291
C3H7NO2,alanine,O18-label-1,col009b2_T2,74099.14,0.074624121
C3H7NO2,alanine,O18-label-2,col009b2_T2,40126.3,0.040410588
C6H14N4O2,arginine,C12 PARENT,col009b2_T2,9115.65,0.409556107
C6H14N4O2,arginine,O18-label-1,col009b2_T2,9049.64,0.40659035
C6H14N4O2,arginine,O18-label-2,col009b2_T2,4092.1,0.183853543
C4H8N2O3,asparagine,C12 PARENT,col009b2_T2,4593.7,0.386912182
C4H8N2O3,asparagine,O18-label-1,col009b2_T2,6171.36,0.519793274
C4H8N2O3,asparagine,O18-label-2,col009b2_T2,1107.66,0.093294544
C4H7NO4,aspartate,C12 PARENT,col009b2_T2,2684.88,0.3787795
C4H7NO4,aspartate,O18-label-1,col009b2_T2,1503.67,0.212135876
C4H7NO4,aspartate,O18-label-2,col009b2_T2,1842.29,0.25990796
C4H7NO4,aspartate,O18-label-3,col009b2_T2,728.32,0.102750471
C4H7NO4,aspartate,O18-label-4,col009b2_T2,329.08,0.046426193
C5H9NO4,glutamate,C12 PARENT,col009b2_T2,213148.05,0.307878512
C5H9NO4,glutamate,O18-label-1,col009b2_T2,264056.41,0.381412331
C5H9NO4,glutamate,O18-label-2,col009b2_T2,163894.19,0.236734511
C5H9NO4,glutamate,O18-label-3,col009b2_T2,39075.5,0.056442021
C5H9NO4,glutamate,O18-label-4,col009b2_T2,12138.05,0.017532625
C5H10N2O3,glutamine,C12 PARENT,col009b2_T2,342156.69,0.768411742
C5H10N2O3,glutamine,O18-label-1,col009b2_T2,76937.47,0.172785326
C5H10N2O3,glutamine,O18-label-2,col009b2_T2,25725.28,0.057773552
C5H10N2O3,glutamine,O18-label-3,col009b2_T2,458.36,0.00102938
C2H5NO2,glycine,C12 PARENT,col009b2_T2,8683.08,0.474390627
C2H5NO2,glycine,O18-label-1,col009b2_T2,8139.69,0.444703106
C2H5NO2,glycine,O18-label-2,col009b2_T2,1480.88,0.080906267
C6H9N3O2,histidine,C12 PARENT,col009b2_T2,261046.8,0.68567322
C6H9N3O2,histidine,O18-label-1,col009b2_T2,101482.37,0.266556585
C6H9N3O2,histidine,O18-label-2,col009b2_T2,18186.88,0.047770195
C6H13NO2,isoleucine,C12 PARENT,col009b2_T2,50656.43,0.500483674
C6H13NO2,isoleucine,O18-label-1,col009b2_T2,42363.02,0.418545086
C6H13NO2,isoleucine,O18-label-2,col009b2_T2,8195.5,0.08097124
C6H14N2O2,lysine,C12 PARENT,col009b2_T2,2435.81,0.368385631
C6H14N2O2,lysine,O18-label-1,col009b2_T2,2758.83,0.417238344
C6H14N2O2,lysine,O18-label-2,col009b2_T2,1417.48,0.214376025
C5H11NO2S,methionine,C12 PARENT,col009b2_T2,2952.86,0.210674941
C5H11NO2S,methionine,O18-label-1,col009b2_T2,3967.79,0.283086202
C5H11NO2S,methionine,O18-label-2,col009b2_T2,7095.54,0.506238857
C9H11NO2,phenylalanine,C12 PARENT,col009b2_T2,192384.27,0.597545026
C9H11NO2,phenylalanine,O18-label-1,col009b2_T2,89512.13,0.278024435
C9H11NO2,phenylalanine,O18-label-2,col009b2_T2,40061.38,0.124430539
C5H9NO2,proline,C12 PARENT,col009b2_T2,126300.13,0.811137986
C5H9NO2,proline,O18-label-1,col009b2_T2,21210.31,0.136219085
C5H9NO2,proline,O18-label-2,col009b2_T2,8196.89,0.05264293
C3H7NO3,serine,C12 PARENT,col009b2_T2,1872.65,0.078797161
C3H7NO3,serine,O18-label-1,col009b2_T2,11148.31,0.469097366
C3H7NO3,serine,O18-label-2,col009b2_T2,9583.14,0.403238314
C3H7NO3,serine,O18-label-3,col009b2_T2,1161.35,0.048867158
C4H9NO3,threonine,C12 PARENT,col009b2_T2,19594.7,0.648551519
C4H9NO3,threonine,O18-label-1,col009b2_T2,8745.86,0.289473214
C4H9NO3,threonine,O18-label-2,col009b2_T2,1872.46,0.061975268
C11H12N2O2,tryptophan,C12 PARENT,col009b2_T2,11426.98,0.7640092
C11H12N2O2,tryptophan,O18-label-1,col009b2_T2,2506.64,0.167594239
C11H12N2O2,tryptophan,O18-label-2,col009b2_T2,1022.98,0.068396561
C9H11NO3,tyrosine,C12 PARENT,col009b2_T2,2459.29,1
C9H11NO3,tyrosine,O18-label-1,col009b2_T2,0,0
C9H11NO3,tyrosine,O18-label-2,col009b2_T2,0,0
C5H11NO2,valine,C12 PARENT,col009b2_T2,51637.13,0.511862051
C5H11NO2,valine,O18-label-1,col009b2_T2,43060.38,0.426843522
C5H11NO2,valine,O18-label-2,col009b2_T2,6183.44,0.061294427
C3H7NO2,alanine,C12 PARENT,col009b2_T3,204570.7,0.806585122
C3H7NO2,alanine,O18-label-1,col009b2_T3,26307.04,0.103723882
C3H7NO2,alanine,O18-label-2,col009b2_T3,22747.94,0.089690997
C6H14N4O2,arginine,C12 PARENT,col009b2_T3,18606.17,0.230192874
C6H14N4O2,arginine,O18-label-1,col009b2_T3,36042.87,0.445917232
C6H14N4O2,arginine,O18-label-2,col009b2_T3,26179.57,0.323889895
C4H8N2O3,asparagine,C12 PARENT,col009b2_T3,13901.35,0.275064609
C4H8N2O3,asparagine,O18-label-1,col009b2_T3,32313.75,0.639388909
C4H8N2O3,asparagine,O18-label-2,col009b2_T3,4323.39,0.085546482
C4H7NO4,aspartate,C12 PARENT,col009b2_T3,8861.33,0.149301312
C4H7NO4,aspartate,O18-label-1,col009b2_T3,10165.79,0.171279682
C4H7NO4,aspartate,O18-label-2,col009b2_T3,22247.1,0.374833262
C4H7NO4,aspartate,O18-label-3,col009b2_T3,11901.26,0.200519983
C4H7NO4,aspartate,O18-label-4,col009b2_T3,6176.51,0.104065761
C5H9NO4,glutamate,C12 PARENT,col009b2_T3,120976.7,0.116628334
C5H9NO4,glutamate,O18-label-1,col009b2_T3,315914.75,0.304559563
C5H9NO4,glutamate,O18-label-2,col009b2_T3,371540.94,0.358186335
C5H9NO4,glutamate,O18-label-3,col009b2_T3,152269.8,0.14679664
C5H9NO4,glutamate,O18-label-4,col009b2_T3,76581.77,0.073829128
C5H10N2O3,glutamine,C12 PARENT,col009b2_T3,667724.94,0.556858616
C5H10N2O3,glutamine,O18-label-1,col009b2_T3,358222.62,0.298744798
C5H10N2O3,glutamine,O18-label-2,col009b2_T3,163909.47,0.136694611
C5H10N2O3,glutamine,O18-label-3,col009b2_T3,9235.38,0.007701975
C2H5NO2,glycine,C12 PARENT,col009b2_T3,11588.01,0.270873081
C2H5NO2,glycine,O18-label-1,col009b2_T3,23591.72,0.55146327
C2H5NO2,glycine,O18-label-2,col009b2_T3,7600.49,0.177663649
C6H9N3O2,histidine,C12 PARENT,col009b2_T3,57232.1,0.570900201
C6H9N3O2,histidine,O18-label-1,col009b2_T3,36138.18,0.360484662
C6H9N3O2,histidine,O18-label-2,col009b2_T3,6878.59,0.068615138
C6H13NO2,isoleucine,C12 PARENT,col009b2_T3,103797.13,0.34851888
C6H13NO2,isoleucine,O18-label-1,col009b2_T3,143503.45,0.481840506
C6H13NO2,isoleucine,O18-label-2,col009b2_T3,50522.97,0.169640614
C6H14N2O2,lysine,C12 PARENT,col009b2_T3,6619.81,0.209951145
C6H14N2O2,lysine,O18-label-1,col009b2_T3,16877.91,0.535292786
C6H14N2O2,lysine,O18-label-2,col009b2_T3,8032.52,0.254756069
C5H11NO2S,methionine,C12 PARENT,col009b2_T3,5677.18,0.102424499
C5H11NO2S,methionine,O18-label-1,col009b2_T3,16165.47,0.291648347
C5H11NO2S,methionine,O18-label-2,col009b2_T3,33585.3,0.605927154
C9H11NO2,phenylalanine,C12 PARENT,col009b2_T3,280935.25,0.415439851
C9H11NO2,phenylalanine,O18-label-1,col009b2_T3,242325.84,0.358345244
C9H11NO2,phenylalanine,O18-label-2,col009b2_T3,152974.59,0.226214905
C5H9NO2,proline,C12 PARENT,col009b2_T3,242460.42,0.629637734
C5H9NO2,proline,O18-label-1,col009b2_T3,88322.07,0.229360767
C5H9NO2,proline,O18-label-2,col009b2_T3,54296.75,0.141001499
C3H7NO3,serine,C12 PARENT,col009b2_T3,3030.39,0.025039484
C3H7NO3,serine,O18-label-1,col009b2_T3,43512.52,0.359534924
C3H7NO3,serine,O18-label-2,col009b2_T3,65137.09,0.538214259
C3H7NO3,serine,O18-label-3,col009b2_T3,9344.46,0.077211334
C4H9NO3,threonine,C12 PARENT,col009b2_T3,29312.04,0.367308256
C4H9NO3,threonine,O18-label-1,col009b2_T3,40432.51,0.506658518
C4H9NO3,threonine,O18-label-2,col009b2_T3,10057.74,0.126033225
C11H12N2O2,tryptophan,C12 PARENT,col009b2_T3,77896.16,0.715653792
C11H12N2O2,tryptophan,O18-label-1,col009b2_T3,22701.11,0.208561442
C11H12N2O2,tryptophan,O18-label-2,col009b2_T3,8248.88,0.075784766
C9H11NO3,tyrosine,C12 PARENT,col009b2_T3,27059.69,0.47383826
C9H11NO3,tyrosine,O18-label-1,col009b2_T3,19475.18,0.341027019
C9H11NO3,tyrosine,O18-label-2,col009b2_T3,10572.57,0.185134722
C5H11NO2,valine,C12 PARENT,col009b2_T3,93539.28,0.327410314
C5H11NO2,valine,O18-label-1,col009b2_T3,149967.03,0.524921213
C5H11NO2,valine,O18-label-2,col009b2_T3,42188.05,0.147668473
C3H7NO2,alanine,C12 PARENT,col009b2_T4,195953.52,0.731455992
C3H7NO2,alanine,O18-label-1,col009b2_T4,40291.3,0.150399507
C3H7NO2,alanine,O18-label-2,col009b2_T4,31650.34,0.118144501
C6H14N4O2,arginine,C12 PARENT,col009b2_T4,13957.86,0.212335544
C6H14N4O2,arginine,O18-label-1,col009b2_T4,26705.33,0.406257892
C6H14N4O2,arginine,O18-label-2,col009b2_T4,25071.73,0.381406564
C4H8N2O3,asparagine,C12 PARENT,col009b2_T4,9935.33,0.201973316
C4H8N2O3,asparagine,O18-label-1,col009b2_T4,33612.87,0.683309244
C4H8N2O3,asparagine,O18-label-2,col009b2_T4,5643.1,0.11471744
C4H7NO4,aspartate,C12 PARENT,col009b2_T4,6565.94,0.059605318
C4H7NO4,aspartate,O18-label-1,col009b2_T4,12514.55,0.11360654
C4H7NO4,aspartate,O18-label-2,col009b2_T4,36566.54,0.331949459
C4H7NO4,aspartate,O18-label-3,col009b2_T4,32039.7,0.290855003
C4H7NO4,aspartate,O18-label-4,col009b2_T4,22470.22,0.20398368
C5H9NO4,glutamate,C12 PARENT,col009b2_T4,68671.72,0.064955165
C5H9NO4,glutamate,O18-label-1,col009b2_T4,227216.14,0.214919066
C5H9NO4,glutamate,O18-label-2,col009b2_T4,371327.81,0.351231326
C5H9NO4,glutamate,O18-label-3,col009b2_T4,238761.2,0.225839301
C5H9NO4,glutamate,O18-label-4,col009b2_T4,151240.36,0.143055141
C5H10N2O3,glutamine,C12 PARENT,col009b2_T4,377572.69,0.412202444
C5H10N2O3,glutamine,O18-label-1,col009b2_T4,322919.41,0.352536541
C5H10N2O3,glutamine,O18-label-2,col009b2_T4,189450.45,0.206826237
C5H10N2O3,glutamine,O18-label-3,col009b2_T4,26045.93,0.028434779
C2H5NO2,glycine,C12 PARENT,col009b2_T4,9802.05,0.252589467
C2H5NO2,glycine,O18-label-1,col009b2_T4,22168.3,0.571255919
C2H5NO2,glycine,O18-label-2,col009b2_T4,6835.9,0.176154614
C6H9N3O2,histidine,C12 PARENT,col009b2_T4,40510.9,0.460569541
C6H9N3O2,histidine,O18-label-1,col009b2_T4,37272.7,0.423754355
C6H9N3O2,histidine,O18-label-2,col009b2_T4,10174.67,0.115676104
C6H13NO2,isoleucine,C12 PARENT,col009b2_T4,106881.55,0.301254744
C6H13NO2,isoleucine,O18-label-1,col009b2_T4,179040.34,0.504640434
C6H13NO2,isoleucine,O18-label-2,col009b2_T4,68866.05,0.194104822
C6H14N2O2,lysine,C12 PARENT,col009b2_T4,5537.09,0.192693496
C6H14N2O2,lysine,O18-label-1,col009b2_T4,13788.37,0.479842159
C6H14N2O2,lysine,O18-label-2,col009b2_T4,9409.76,0.327464345
C5H11NO2S,methionine,C12 PARENT,col009b2_T4,5626.42,0.087072239
C5H11NO2S,methionine,O18-label-1,col009b2_T4,17704.63,0.273989815
C5H11NO2S,methionine,O18-label-2,col009b2_T4,41286.79,0.638937947
C9H11NO2,phenylalanine,C12 PARENT,col009b2_T4,263828.59,0.335614416
C9H11NO2,phenylalanine,O18-label-1,col009b2_T4,307182.72,0.390764887
C9H11NO2,phenylalanine,O18-label-2,col009b2_T4,215094.94,0.273620697
C5H9NO2,proline,C12 PARENT,col009b2_T4,167126.36,0.498104773
C5H9NO2,proline,O18-label-1,col009b2_T4,100521.45,0.299594954
C5H9NO2,proline,O18-label-2,col009b2_T4,67876.7,0.202300273
C3H7NO3,serine,C12 PARENT,col009b2_T4,3354.38,0.028233794
C3H7NO3,serine,O18-label-1,col009b2_T4,34433.72,0.289828392
C3H7NO3,serine,O18-label-2,col009b2_T4,68117.32,0.573343029
C3H7NO3,serine,O18-label-3,col009b2_T4,12901.85,0.108594785
C4H9NO3,threonine,C12 PARENT,col009b2_T4,18830.21,0.238117012
C4H9NO3,threonine,O18-label-1,col009b2_T4,45125.82,0.570637579
C4H9NO3,threonine,O18-label-2,col009b2_T4,15123.62,0.191245409
C11H12N2O2,tryptophan,C12 PARENT,col009b2_T4,67586.58,0.617978573
C11H12N2O2,tryptophan,O18-label-1,col009b2_T4,29986.33,0.274180309
C11H12N2O2,tryptophan,O18-label-2,col009b2_T4,11794.28,0.107841118
C9H11NO3,tyrosine,C12 PARENT,col009b2_T4,25465.79,0.408286852
C9H11NO3,tyrosine,O18-label-1,col009b2_T4,22228.38,0.35638224
C9H11NO3,tyrosine,O18-label-2,col009b2_T4,14678.13,0.235330908
C5H11NO2,valine,C12 PARENT,col009b2_T4,91706.74,0.290044959
C5H11NO2,valine,O18-label-1,col009b2_T4,166360.77,0.526156559
C5H11NO2,valine,O18-label-2,col009b2_T4,58113.61,0.183798482
C3H7NO2,alanine,C12 PARENT,col009b2_T5,306433.09,0.593830642
C3H7NO2,alanine,O18-label-1,col009b2_T5,91498.79,0.177313701
C3H7NO2,alanine,O18-label-2,col009b2_T5,118095.87,0.228855657
C6H14N4O2,arginine,C12 PARENT,col009b2_T5,9167.36,0.179682539
C6H14N4O2,arginine,O18-label-1,col009b2_T5,22347.13,0.438009312
C6H14N4O2,arginine,O18-label-2,col009b2_T5,19505.27,0.382308149
C4H8N2O3,asparagine,C12 PARENT,col009b2_T5,11733.52,0.159577525
C4H8N2O3,asparagine,O18-label-1,col009b2_T5,51862.41,0.705336083
C4H8N2O3,asparagine,O18-label-2,col009b2_T5,9932.72,0.135086391
C4H7NO4,aspartate,C12 PARENT,col009b2_T5,5289.06,0.018206619
C4H7NO4,aspartate,O18-label-1,col009b2_T5,21652.1,0.074533381
C4H7NO4,aspartate,O18-label-2,col009b2_T5,71482.14,0.24606415
C4H7NO4,aspartate,O18-label-3,col009b2_T5,96295.23,0.331478659
C4H7NO4,aspartate,O18-label-4,col009b2_T5,95783.52,0.329717191
C5H9NO4,glutamate,C12 PARENT,col009b2_T5,39649.27,0.028626083
C5H9NO4,glutamate,O18-label-1,col009b2_T5,184945.56,0.133527476
C5H9NO4,glutamate,O18-label-2,col009b2_T5,418773.91,0.302347477
C5H9NO4,glutamate,O18-label-3,col009b2_T5,411087.78,0.296798224
C5H9NO4,glutamate,O18-label-4,col009b2_T5,330618.41,0.238700739
C5H10N2O3,glutamine,C12 PARENT,col009b2_T5,205846.91,0.233124999
C5H10N2O3,glutamine,O18-label-1,col009b2_T5,348271.69,0.394423396
C5H10N2O3,glutamine,O18-label-2,col009b2_T5,252015.42,0.285411593
C5H10N2O3,glutamine,O18-label-3,col009b2_T5,76855.41,0.087040011
C2H5NO2,glycine,C12 PARENT,col009b2_T5,8634.83,0.217435032
C2H5NO2,glycine,O18-label-1,col009b2_T5,22300.23,0.56154565
C2H5NO2,glycine,O18-label-2,col009b2_T5,8777.17,0.221019318
C6H9N3O2,histidine,C12 PARENT,col009b2_T5,43353.38,0.313533382
C6H9N3O2,histidine,O18-label-1,col009b2_T5,71186.25,0.514821813
C6H9N3O2,histidine,O18-label-2,col009b2_T5,23733.94,0.171644805
C6H13NO2,isoleucine,C12 PARENT,col009b2_T5,100577.39,0.249829191
C6H13NO2,isoleucine,O18-label-1,col009b2_T5,214572.75,0.532987947
C6H13NO2,isoleucine,O18-label-2,col009b2_T5,87434.48,0.217182862
C6H14N2O2,lysine,C12 PARENT,col009b2_T5,3586.31,0.152671759
C6H14N2O2,lysine,O18-label-1,col009b2_T5,11833.59,0.503764315
C6H14N2O2,lysine,O18-label-2,col009b2_T5,8070.43,0.343563926
C5H11NO2S,methionine,C12 PARENT,col009b2_T5,5767.23,0.083045881
C5H11NO2S,methionine,O18-label-1,col009b2_T5,21208.49,0.305394052
C5H11NO2S,methionine,O18-label-2,col009b2_T5,42470.59,0.611560067
C9H11NO2,phenylalanine,C12 PARENT,col009b2_T5,241925.77,0.245146306
C9H11NO2,phenylalanine,O18-label-1,col009b2_T5,402232.25,0.407586799
C9H11NO2,phenylalanine,O18-label-2,col009b2_T5,342704.78,0.347266895
C5H9NO2,proline,C12 PARENT,col009b2_T5,98689.29,0.349100869
C5H9NO2,proline,O18-label-1,col009b2_T5,104199.94,0.368594095
C5H9NO2,proline,O18-label-2,col009b2_T5,79806.4,0.282305036
C3H7NO3,serine,C12 PARENT,col009b2_T5,5051.82,0.035638592
C3H7NO3,serine,O18-label-1,col009b2_T5,38963.05,0.27486891
C3H7NO3,serine,O18-label-2,col009b2_T5,74852.15,0.528052318
C3H7NO3,serine,O18-label-3,col009b2_T5,22884.37,0.161440181
C4H9NO3,threonine,C12 PARENT,col009b2_T5,10984.1,0.124971286
C4H9NO3,threonine,O18-label-1,col009b2_T5,54233.59,0.617041131
C4H9NO3,threonine,O18-label-2,col009b2_T5,22675.3,0.257987582
C11H12N2O2,tryptophan,C12 PARENT,col009b2_T5,71338.65,0.49772392
C11H12N2O2,tryptophan,O18-label-1,col009b2_T5,46815.69,0.326629236
C11H12N2O2,tryptophan,O18-label-2,col009b2_T5,25175.42,0.175646844
C9H11NO3,tyrosine,C12 PARENT,col009b2_T5,24333.92,0.391890257
C9H11NO3,tyrosine,O18-label-1,col009b2_T5,22152.7,0.356762384
C9H11NO3,tyrosine,O18-label-2,col009b2_T5,15607.09,0.251347359
C5H11NO2,valine,C12 PARENT,col009b2_T5,81250.46,0.230223659
C5H11NO2,valine,O18-label-1,col009b2_T5,191770.83,0.543383781
C5H11NO2,valine,O18-label-2,col009b2_T5,79898.39,0.22639256
C3H7NO2,alanine,C12 PARENT,col009b2_T6,226450.47,0.416057638
C3H7NO2,alanine,O18-label-1,col009b2_T6,163432.19,0.3002741
C3H7NO2,alanine,O18-label-2,col009b2_T6,154394.02,0.283668262
C6H14N4O2,arginine,C12 PARENT,col009b2_T6,7032.11,0.208515124
C6H14N4O2,arginine,O18-label-1,col009b2_T6,13246.64,0.392787482
C6H14N4O2,arginine,O18-label-2,col009b2_T6,13445.95,0.398697394
C4H8N2O3,asparagine,C12 PARENT,col009b2_T6,10338.83,0.142634948
C4H8N2O3,asparagine,O18-label-1,col009b2_T6,52054.49,0.718146005
C4H8N2O3,asparagine,O18-label-2,col009b2_T6,10091.23,0.139219047
C4H7NO4,aspartate,C12 PARENT,col009b2_T6,2612.75,0.008606067
C4H7NO4,aspartate,O18-label-1,col009b2_T6,18884.43,0.062202919
C4H7NO4,aspartate,O18-label-2,col009b2_T6,56890.75,0.187390921
C4H7NO4,aspartate,O18-label-3,col009b2_T6,112358.21,0.370093706
C4H7NO4,aspartate,O18-label-4,col009b2_T6,112847.81,0.371706386
C5H9NO4,glutamate,C12 PARENT,col009b2_T6,30195.9,0.018330057
C5H9NO4,glutamate,O18-label-1,col009b2_T6,150453.25,0.091330831
C5H9NO4,glutamate,O18-label-2,col009b2_T6,398616.69,0.241975455
C5H9NO4,glutamate,O18-label-3,col009b2_T6,562703.12,0.341582143
C5H9NO4,glutamate,O18-label-4,col009b2_T6,505374.53,0.306781514
C5H10N2O3,glutamine,C12 PARENT,col009b2_T6,117230.5,0.140471119
C5H10N2O3,glutamine,O18-label-1,col009b2_T6,283718.62,0.339965044
C5H10N2O3,glutamine,O18-label-2,col009b2_T6,290825.69,0.348481071
C5H10N2O3,glutamine,O18-label-3,col009b2_T6,142777.52,0.171082765
C2H5NO2,glycine,C12 PARENT,col009b2_T6,7032.22,0.208641066
C2H5NO2,glycine,O18-label-1,col009b2_T6,18080.27,0.536429009
C2H5NO2,glycine,O18-label-2,col009b2_T6,8592.38,0.254929926
C6H9N3O2,histidine,C12 PARENT,col009b2_T6,31111.85,0.265214442
C6H9N3O2,histidine,O18-label-1,col009b2_T6,63680.03,0.542843438
C6H9N3O2,histidine,O18-label-2,col009b2_T6,22516.4,0.19194212
C6H13NO2,isoleucine,C12 PARENT,col009b2_T6,77962.48,0.198751662
C6H13NO2,isoleucine,O18-label-1,col009b2_T6,213561.62,0.544437875
C6H13NO2,isoleucine,O18-label-2,col009b2_T6,100736.67,0.256810463
C6H14N2O2,lysine,C12 PARENT,col009b2_T6,3401.21,0.15828077
C6H14N2O2,lysine,O18-label-1,col009b2_T6,9661.87,0.449630639
C6H14N2O2,lysine,O18-label-2,col009b2_T6,8425.38,0.392088591
C5H11NO2S,methionine,C12 PARENT,col009b2_T6,7092.11,0.095971532
C5H11NO2S,methionine,O18-label-1,col009b2_T6,22565.93,0.305365662
C5H11NO2S,methionine,O18-label-2,col009b2_T6,44240.02,0.598662807
C9H11NO2,phenylalanine,C12 PARENT,col009b2_T6,265906.97,0.206193084
C9H11NO2,phenylalanine,O18-label-1,col009b2_T6,522131.94,0.404878424
C9H11NO2,phenylalanine,O18-label-2,col009b2_T6,501562.88,0.388928492
C5H9NO2,proline,C12 PARENT,col009b2_T6,49388.13,0.253083648
C5H9NO2,proline,O18-label-1,col009b2_T6,80837,0.414239674
C5H9NO2,proline,O18-label-2,col009b2_T6,64920.35,0.332676678
C3H7NO3,serine,C12 PARENT,col009b2_T6,4500.7,0.032233779
C3H7NO3,serine,O18-label-1,col009b2_T6,39291.2,0.281401524
C3H7NO3,serine,O18-label-2,col009b2_T6,72783.37,0.521270699
C3H7NO3,serine,O18-label-3,col009b2_T6,23051.55,0.165093998
C4H9NO3,threonine,C12 PARENT,col009b2_T6,9759.51,0.096795578
C4H9NO3,threonine,O18-label-1,col009b2_T6,61648.68,0.611436397
C4H9NO3,threonine,O18-label-2,col009b2_T6,29417.8,0.291768025
C11H12N2O2,tryptophan,C12 PARENT,col009b2_T6,75660.72,0.447035617
C11H12N2O2,tryptophan,O18-label-1,col009b2_T6,60563.45,0.357834544
C11H12N2O2,tryptophan,O18-label-2,col009b2_T6,33025.7,0.19512984
C9H11NO3,tyrosine,C12 PARENT,col009b2_T6,21915.36,0.38107241
C9H11NO3,tyrosine,O18-label-1,col009b2_T6,21289.38,0.370187638
C9H11NO3,tyrosine,O18-label-2,col009b2_T6,14304.96,0.248739952
C5H11NO2,valine,C12 PARENT,col009b2_T6,63859.26,0.20009175
C5H11NO2,valine,O18-label-1,col009b2_T6,168554.55,0.528136012
C5H11NO2,valine,O18-label-2,col009b2_T6,86736.08,0.271772238
C3H7NO2,alanine,C12 PARENT,col009b2_T7,169124,0.361223189
C3H7NO2,alanine,O18-label-1,col009b2_T7,138548.41,0.295918371
C3H7NO2,alanine,O18-label-2,col009b2_T7,160525.66,0.34285844
C6H14N4O2,arginine,C12 PARENT,col009b2_T7,4770.64,0.130753693
C6H14N4O2,arginine,O18-label-1,col009b2_T7,15579.13,0.426992767
C6H14N4O2,arginine,O18-label-2,col009b2_T7,16135.93,0.44225354
C4H8N2O3,asparagine,C12 PARENT,col009b2_T7,10200.31,0.110792273
C4H8N2O3,asparagine,O18-label-1,col009b2_T7,65904.99,0.715837426
C4H8N2O3,asparagine,O18-label-2,col009b2_T7,15961.68,0.173370301
C4H7NO4,aspartate,C12 PARENT,col009b2_T7,3938.11,0.006024302
C4H7NO4,aspartate,O18-label-1,col009b2_T7,37903.25,0.057982287
C4H7NO4,aspartate,O18-label-2,col009b2_T7,114885.92,0.1757461
C4H7NO4,aspartate,O18-label-3,col009b2_T7,244226.23,0.373603724
C4H7NO4,aspartate,O18-label-4,col009b2_T7,252750.44,0.386643587
C5H9NO4,glutamate,C12 PARENT,col009b2_T7,29447.88,0.01526371
C5H9NO4,glutamate,O18-label-1,col009b2_T7,143575.06,0.074419213
C5H9NO4,glutamate,O18-label-2,col009b2_T7,397448.72,0.206009463
C5H9NO4,glutamate,O18-label-3,col009b2_T7,700143.62,0.362905211
C5H9NO4,glutamate,O18-label-4,col009b2_T7,658658.81,0.341402403
C5H10N2O3,glutamine,C12 PARENT,col009b2_T7,59738.77,0.102456903
C5H10N2O3,glutamine,O18-label-1,col009b2_T7,183711.48,0.315080296
C5H10N2O3,glutamine,O18-label-2,col009b2_T7,207710.89,0.356241258
C5H10N2O3,glutamine,O18-label-3,col009b2_T7,131901.28,0.226221542
C2H5NO2,glycine,C12 PARENT,col009b2_T7,7335.45,0.175698223
C2H5NO2,glycine,O18-label-1,col009b2_T7,24920.79,0.596901147
C2H5NO2,glycine,O18-label-2,col009b2_T7,9494.04,0.227400631
C6H9N3O2,histidine,C12 PARENT,col009b2_T7,49832.59,0.247326329
C6H9N3O2,histidine,O18-label-1,col009b2_T7,108170.37,0.536865143
C6H9N3O2,histidine,O18-label-2,col009b2_T7,43482.22,0.215808527
C6H13NO2,isoleucine,C12 PARENT,col009b2_T7,94286.6,0.167676037
C6H13NO2,isoleucine,O18-label-1,col009b2_T7,316411.72,0.562695689
C6H13NO2,isoleucine,O18-label-2,col009b2_T7,151615.78,0.269628274
C6H14N2O2,lysine,C12 PARENT,col009b2_T7,2949.57,0.121962384
C6H14N2O2,lysine,O18-label-1,col009b2_T7,11337.2,0.468784242
C6H14N2O2,lysine,O18-label-2,col009b2_T7,9897.49,0.409253374
C5H11NO2S,methionine,C12 PARENT,col009b2_T7,7240.88,0.090585699
C5H11NO2S,methionine,O18-label-1,col009b2_T7,27517.75,0.344255757
C5H11NO2S,methionine,O18-label-2,col009b2_T7,45175.4,0.565158544
C9H11NO2,phenylalanine,C12 PARENT,col009b2_T7,261609.95,0.172284262
C9H11NO2,phenylalanine,O18-label-1,col009b2_T7,643047.12,0.423481212
C9H11NO2,phenylalanine,O18-label-2,col009b2_T7,613821.44,0.404234526
C5H9NO2,proline,C12 PARENT,col009b2_T7,27214.88,0.167202138
C5H9NO2,proline,O18-label-1,col009b2_T7,74471.88,0.45753858
C5H9NO2,proline,O18-label-2,col009b2_T7,61079.58,0.375259283
C3H7NO3,serine,C12 PARENT,col009b2_T7,4753.09,0.029150549
C3H7NO3,serine,O18-label-1,col009b2_T7,47131.2,0.289054142
C3H7NO3,serine,O18-label-2,col009b2_T7,82068.18,0.503321523
C3H7NO3,serine,O18-label-3,col009b2_T7,29100.72,0.178473785
C4H9NO3,threonine,C12 PARENT,col009b2_T7,12253.26,0.087995741
C4H9NO3,threonine,O18-label-1,col009b2_T7,81772.48,0.587242088
C4H9NO3,threonine,O18-label-2,col009b2_T7,45222.59,0.324762171
C11H12N2O2,tryptophan,C12 PARENT,col009b2_T7,86773.61,0.37922441
C11H12N2O2,tryptophan,O18-label-1,col009b2_T7,85552.04,0.373885815
C11H12N2O2,tryptophan,O18-label-2,col009b2_T7,56492.98,0.246889775
C9H11NO3,tyrosine,C12 PARENT,col009b2_T7,29130.82,0.2989873
C9H11NO3,tyrosine,O18-label-1,col009b2_T7,41536.73,0.42631669
C9H11NO3,tyrosine,O18-label-2,col009b2_T7,26764.08,0.27469601
C5H11NO2,valine,C12 PARENT,col009b2_T7,80125.7,0.175496915
C5H11NO2,valine,O18-label-1,col009b2_T7,246935.2,0.540854755
C5H11NO2,valine,O18-label-2,col009b2_T7,129503.82,0.283648329
C3H7NO2,alanine,C12 PARENT,col009b2_T8,119888.31,0.213528775
C3H7NO2,alanine,O18-label-1,col009b2_T8,214169.39,0.381449429
C3H7NO2,alanine,O18-label-2,col009b2_T8,227404.38,0.405021796
C6H14N4O2,arginine,C12 PARENT,col009b2_T8,3460.19,0.119515911
C6H14N4O2,arginine,O18-label-1,col009b2_T8,14325.4,0.494803243
C6H14N4O2,arginine,O18-label-2,col009b2_T8,11166.12,0.385680846
C4H8N2O3,asparagine,C12 PARENT,col009b2_T8,10231.85,0.10538013
C4H8N2O3,asparagine,O18-label-1,col009b2_T8,68169.47,0.702092741
C4H8N2O3,asparagine,O18-label-2,col009b2_T8,18693.36,0.192527129
C4H7NO4,aspartate,C12 PARENT,col009b2_T8,3493.6,0.008824394
C4H7NO4,aspartate,O18-label-1,col009b2_T8,21886.69,0.055283022
C4H7NO4,aspartate,O18-label-2,col009b2_T8,73902.32,0.186667952
C4H7NO4,aspartate,O18-label-3,col009b2_T8,152063.98,0.38409446
C4H7NO4,aspartate,O18-label-4,col009b2_T8,144555.97,0.365130172
C5H9NO4,glutamate,C12 PARENT,col009b2_T8,34659.13,0.017544225
C5H9NO4,glutamate,O18-label-1,col009b2_T8,142614.67,0.072190612
C5H9NO4,glutamate,O18-label-2,col009b2_T8,383385.5,0.19406723
C5H9NO4,glutamate,O18-label-3,col009b2_T8,735168.69,0.372137579
C5H9NO4,glutamate,O18-label-4,col009b2_T8,679701.31,0.344060354
C5H10N2O3,glutamine,C12 PARENT,col009b2_T8,60144.91,0.073810451
C5H10N2O3,glutamine,O18-label-1,col009b2_T8,240759.41,0.295462418
C5H10N2O3,glutamine,O18-label-2,col009b2_T8,296635.72,0.364034399
C5H10N2O3,glutamine,O18-label-3,col009b2_T8,217316.25,0.266692732
C2H5NO2,glycine,C12 PARENT,col009b2_T8,7261.05,0.195316314
C2H5NO2,glycine,O18-label-1,col009b2_T8,20336.41,0.547032818
C2H5NO2,glycine,O18-label-2,col009b2_T8,9578.39,0.257650867
C6H9N3O2,histidine,C12 PARENT,col009b2_T8,44303.61,0.279175301
C6H9N3O2,histidine,O18-label-1,col009b2_T8,87688.38,0.552560613
C6H9N3O2,histidine,O18-label-2,col009b2_T8,26702.6,0.168264085
C6H13NO2,isoleucine,C12 PARENT,col009b2_T8,85731.01,0.16239162
C6H13NO2,isoleucine,O18-label-1,col009b2_T8,278878.84,0.528252106
C6H13NO2,isoleucine,O18-label-2,col009b2_T8,163317.7,0.309356274
C6H14N2O2,lysine,C12 PARENT,col009b2_T8,3257.83,0.108425803
C6H14N2O2,lysine,O18-label-1,col009b2_T8,16203.02,0.539262473
C6H14N2O2,lysine,O18-label-2,col009b2_T8,10585.78,0.352311723
C5H11NO2S,methionine,C12 PARENT,col009b2_T8,4517.35,0.084667647
C5H11NO2S,methionine,O18-label-1,col009b2_T8,18645.34,0.349465297
C5H11NO2S,methionine,O18-label-2,col009b2_T8,30191.22,0.565867056
C9H11NO2,phenylalanine,C12 PARENT,col009b2_T8,240489.33,0.127649106
C9H11NO2,phenylalanine,O18-label-1,col009b2_T8,841559.44,0.446690546
C9H11NO2,phenylalanine,O18-label-2,col009b2_T8,801938.81,0.425660349
C5H9NO2,proline,C12 PARENT,col009b2_T8,18596.63,0.130324529
C5H9NO2,proline,O18-label-1,col009b2_T8,68243.94,0.478251132
C5H9NO2,proline,O18-label-2,col009b2_T8,55854.21,0.391424339
C3H7NO3,serine,C12 PARENT,col009b2_T8,3979.65,0.029006992
C3H7NO3,serine,O18-label-1,col009b2_T8,39576.84,0.28846886
C3H7NO3,serine,O18-label-2,col009b2_T8,68561.23,0.499731152
C3H7NO3,serine,O18-label-3,col009b2_T8,25078.51,0.182792997
C4H9NO3,threonine,C12 PARENT,col009b2_T8,11330.63,0.078234652
C4H9NO3,threonine,O18-label-1,col009b2_T8,83797.36,0.57859601
C4H9NO3,threonine,O18-label-2,col009b2_T8,49700.8,0.343169338
C11H12N2O2,tryptophan,C12 PARENT,col009b2_T8,78461.5,0.285450576
C11H12N2O2,tryptophan,O18-label-1,col009b2_T8,122795.95,0.446743621
C11H12N2O2,tryptophan,O18-label-2,col009b2_T8,73611.5,0.267805803
C9H11NO3,tyrosine,C12 PARENT,col009b2_T8,29197.88,0.222100802
C9H11NO3,tyrosine,O18-label-1,col009b2_T8,61090.67,0.464701094
C9H11NO3,tyrosine,O18-label-2,col009b2_T8,41173.74,0.313198104
C5H11NO2,valine,C12 PARENT,col009b2_T8,77373.38,0.174087169
C5H11NO2,valine,O18-label-1,col009b2_T8,225551.83,0.507483059
C5H11NO2,valine,O18-label-2,col009b2_T8,141526.73,0.318429772
C3H7NO2,alanine,C12 PARENT,col009b2_T9,57476.79,0.42398382
C3H7NO2,alanine,O18-label-1,col009b2_T9,43259.29,0.319106879
C3H7NO2,alanine,O18-label-2,col009b2_T9,34827.56,0.256909301
C6H14N4O2,arginine,C12 PARENT,col009b2_T9,3662.36,0.119170664
C6H14N4O2,arginine,O18-label-1,col009b2_T9,15679.05,0.510185455
C6H14N4O2,arginine,O18-label-2,col009b2_T9,11390.65,0.370643881
C4H8N2O3,asparagine,C12 PARENT,col009b2_T9,20314.19,0.131506106
C4H8N2O3,asparagine,O18-label-1,col009b2_T9,105664.72,0.684031991
C4H8N2O3,asparagine,O18-label-2,col009b2_T9,28494.45,0.184461903
C4H7NO4,aspartate,C12 PARENT,col009b2_T9,4335.44,0.009189605
C4H7NO4,aspartate,O18-label-1,col009b2_T9,33922.87,0.071904526
C4H7NO4,aspartate,O18-label-2,col009b2_T9,90358.16,0.191527447
C4H7NO4,aspartate,O18-label-3,col009b2_T9,183880.73,0.389762327
C4H7NO4,aspartate,O18-label-4,col009b2_T9,159279.36,0.337616095
C5H9NO4,glutamate,C12 PARENT,col009b2_T9,43292.38,0.022939456
C5H9NO4,glutamate,O18-label-1,col009b2_T9,158475.56,0.083971895
C5H9NO4,glutamate,O18-label-2,col009b2_T9,396932.31,0.21032365
C5H9NO4,glutamate,O18-label-3,col009b2_T9,701379.75,0.37164208
C5H9NO4,glutamate,O18-label-4,col009b2_T9,587165.25,0.311122918
C5H10N2O3,glutamine,C12 PARENT,col009b2_T9,83617.39,0.070485318
C5H10N2O3,glutamine,O18-label-1,col009b2_T9,360346.28,0.303754066
C5H10N2O3,glutamine,O18-label-2,col009b2_T9,444561.56,0.374743376
C5H10N2O3,glutamine,O18-label-3,col009b2_T9,297784.09,0.251017239
C2H5NO2,glycine,C12 PARENT,col009b2_T9,9929.87,0.171425321
C2H5NO2,glycine,O18-label-1,col009b2_T9,34084.05,0.588413465
C2H5NO2,glycine,O18-label-2,col009b2_T9,13911.42,0.240161214
C6H9N3O2,histidine,C12 PARENT,col009b2_T9,18716.06,0.258484446
C6H9N3O2,histidine,O18-label-1,col009b2_T9,43122.04,0.595551447
C6H9N3O2,histidine,O18-label-2,col009b2_T9,10568.81,0.145964108
C6H13NO2,isoleucine,C12 PARENT,col009b2_T9,60428.96,0.195871186
C6H13NO2,isoleucine,O18-label-1,col009b2_T9,168592.27,0.546465931
C6H13NO2,isoleucine,O18-label-2,col009b2_T9,79492.55,0.257662883
C6H14N2O2,lysine,C12 PARENT,col009b2_T9,2603.19,0.109181388
C6H14N2O2,lysine,O18-label-1,col009b2_T9,13227.47,0.554778382
C6H14N2O2,lysine,O18-label-2,col009b2_T9,8012.14,0.33604023
C5H11NO2S,methionine,C12 PARENT,col009b2_T9,5660.37,0.096777999
C5H11NO2S,methionine,O18-label-1,col009b2_T9,22118.11,0.378163694
C5H11NO2S,methionine,O18-label-2,col009b2_T9,30709.71,0.525058307
C9H11NO2,phenylalanine,C12 PARENT,col009b2_T9,333911.78,0.112448634
C9H11NO2,phenylalanine,O18-label-1,col009b2_T9,1390402.25,0.468233956
C9H11NO2,phenylalanine,O18-label-2,col009b2_T9,1245146.5,0.41931741
C5H9NO2,proline,C12 PARENT,col009b2_T9,14628.72,0.116651957
C5H9NO2,proline,O18-label-1,col009b2_T9,63391.82,0.505497395
C5H9NO2,proline,O18-label-2,col009b2_T9,47384.3,0.377850648
C3H7NO3,serine,C12 PARENT,col009b2_T9,9403.69,0.043244403
C3H7NO3,serine,O18-label-1,col009b2_T9,73754.06,0.339170079
C3H7NO3,serine,O18-label-2,col009b2_T9,100041.42,0.460056793
C3H7NO3,serine,O18-label-3,col009b2_T9,34255.33,0.157528724
C4H9NO3,threonine,C12 PARENT,col009b2_T9,25453.65,0.129533269
C4H9NO3,threonine,O18-label-1,col009b2_T9,111127.8,0.565527819
C4H9NO3,threonine,O18-label-2,col009b2_T9,59921.35,0.304938912
C11H12N2O2,tryptophan,C12 PARENT,col009b2_T9,79809.99,0.213829535
C11H12N2O2,tryptophan,O18-label-1,col009b2_T9,182080.75,0.487836699
C11H12N2O2,tryptophan,O18-label-2,col009b2_T9,111350.45,0.298333766
C9H11NO3,tyrosine,C12 PARENT,col009b2_T9,32079.85,0.154042279
C9H11NO3,tyrosine,O18-label-1,col009b2_T9,101951.78,0.489556048
C9H11NO3,tyrosine,O18-label-2,col009b2_T9,74221.91,0.356401673
C5H11NO2,valine,C12 PARENT,col009b2_T9,57642.86,0.194341897
C5H11NO2,valine,O18-label-1,col009b2_T9,164414.27,0.554319844
C5H11NO2,valine,O18-label-2,col009b2_T9,74548.29,0.251338259
C3H7NO2,alanine,C12 PARENT,col009b2_T10,84293.59,0.28103083
C3H7NO2,alanine,O18-label-1,col009b2_T10,147487.98,0.491717928
C3H7NO2,alanine,O18-label-2,col009b2_T10,68162.71,0.227251241
C6H14N4O2,arginine,C12 PARENT,col009b2_T10,5027.7,0.123177493
C6H14N4O2,arginine,O18-label-1,col009b2_T10,23447.41,0.574456148
C6H14N4O2,arginine,O18-label-2,col009b2_T10,12341.6,0.302366359
C4H8N2O3,asparagine,C12 PARENT,col009b2_T10,45845.73,0.15977602
C4H8N2O3,asparagine,O18-label-1,col009b2_T10,190655.31,0.664448936
C4H8N2O3,asparagine,O18-label-2,col009b2_T10,50436.45,0.175775044
C4H7NO4,aspartate,C12 PARENT,col009b2_T10,10223.41,0.011091767
C4H7NO4,aspartate,O18-label-1,col009b2_T10,78245.37,0.084891386
C4H7NO4,aspartate,O18-label-2,col009b2_T10,203554.2,0.220843714
C4H7NO4,aspartate,O18-label-3,col009b2_T10,357200.78,0.387540748
C4H7NO4,aspartate,O18-label-4,col009b2_T10,272487.78,0.295632384
C5H9NO4,glutamate,C12 PARENT,col009b2_T10,56839.62,0.028846222
C5H9NO4,glutamate,O18-label-1,col009b2_T10,215395.31,0.109313556
C5H9NO4,glutamate,O18-label-2,col009b2_T10,463683.09,0.235320108
C5H9NO4,glutamate,O18-label-3,col009b2_T10,723776.12,0.367317848
C5H9NO4,glutamate,O18-label-4,col009b2_T10,510741.34,0.259202265
C5H10N2O3,glutamine,C12 PARENT,col009b2_T10,96526.63,0.082983936
C5H10N2O3,glutamine,O18-label-1,col009b2_T10,395583.81,0.340083368
C5H10N2O3,glutamine,O18-label-2,col009b2_T10,422675.53,0.363374117
C5H10N2O3,glutamine,O18-label-3,col009b2_T10,248410.61,0.21355858
C2H5NO2,glycine,C12 PARENT,col009b2_T10,16601.27,0.177997904
C2H5NO2,glycine,O18-label-1,col009b2_T10,57859.77,0.620369272
C2H5NO2,glycine,O18-label-2,col009b2_T10,18805.62,0.201632824
C6H9N3O2,histidine,C12 PARENT,col009b2_T10,66674.13,0.214885613
C6H9N3O2,histidine,O18-label-1,col009b2_T10,189183.53,0.609724024
C6H9N3O2,histidine,O18-label-2,col009b2_T10,54419.65,0.175390363
C6H13NO2,isoleucine,C12 PARENT,col009b2_T10,75902.62,0.174199234
C6H13NO2,isoleucine,O18-label-1,col009b2_T10,235976.8,0.541575217
C6H13NO2,isoleucine,O18-label-2,col009b2_T10,123843.62,0.284225548
C6H14N2O2,lysine,C12 PARENT,col009b2_T10,5055.7,0.159622617
C6H14N2O2,lysine,O18-label-1,col009b2_T10,18302.58,0.57786374
C6H14N2O2,lysine,O18-label-2,col009b2_T10,8314.55,0.262513643
C5H11NO2S,methionine,C12 PARENT,col009b2_T10,9090.93,0.087424162
C5H11NO2S,methionine,O18-label-1,col009b2_T10,46676.73,0.448873108
C5H11NO2S,methionine,O18-label-2,col009b2_T10,48218.81,0.46370273
C9H11NO2,phenylalanine,C12 PARENT,col009b2_T10,653974.94,0.118161365
C9H11NO2,phenylalanine,O18-label-1,col009b2_T10,2720320,0.491512297
C9H11NO2,phenylalanine,O18-label-2,col009b2_T10,2160297,0.390326337
C5H9NO2,proline,C12 PARENT,col009b2_T10,14294.9,0.120939038
C5H9NO2,proline,O18-label-1,col009b2_T10,66725.62,0.564518277
C5H9NO2,proline,O18-label-2,col009b2_T10,37178.7,0.314542685
C3H7NO3,serine,C12 PARENT,col009b2_T10,14722.39,0.057856561
C3H7NO3,serine,O18-label-1,col009b2_T10,98108.78,0.385551302
C3H7NO3,serine,O18-label-2,col009b2_T10,111457.38,0.438009095
C3H7NO3,serine,O18-label-3,col009b2_T10,30175.07,0.118583041
C4H9NO3,threonine,C12 PARENT,col009b2_T10,33291.68,0.148397451
C4H9NO3,threonine,O18-label-1,col009b2_T10,132218.91,0.589364946
C4H9NO3,threonine,O18-label-2,col009b2_T10,58830.73,0.262237603
C11H12N2O2,tryptophan,C12 PARENT,col009b2_T10,117727.96,0.181067446
C11H12N2O2,tryptophan,O18-label-1,col009b2_T10,339573.03,0.522268636
C11H12N2O2,tryptophan,O18-label-2,col009b2_T10,192887.45,0.296663918
C9H11NO3,tyrosine,C12 PARENT,col009b2_T10,57873.56,0.14012767
C9H11NO3,tyrosine,O18-label-1,col009b2_T10,212505.88,0.514534682
C9H11NO3,tyrosine,O18-label-2,col009b2_T10,142626.5,0.345337648
C5H11NO2,valine,C12 PARENT,col009b2_T10,78766.35,0.189411204
C5H11NO2,valine,O18-label-1,col009b2_T10,238868.84,0.574413244
C5H11NO2,valine,O18-label-2,col009b2_T10,98213.23,0.236175552
C3H7NO2,alanine,C12 PARENT,col009b2_blank1,26202.89,1
C3H7NO2,alanine,O18-label-1,col009b2_blank1,0,0
C3H7NO2,alanine,O18-label-2,col009b2_blank1,0,0
C6H14N4O2,arginine,C12 PARENT,col009b2_blank1,648.75,1
C6H14N4O2,arginine,O18-label-1,col009b2_blank1,0,0
C6H14N4O2,arginine,O18-label-2,col009b2_blank1,0,0
C4H8N2O3,asparagine,C12 PARENT,col009b2_blank1,287.84,0.110692366
C4H8N2O3,asparagine,O18-label-1,col009b2_blank1,2312.52,0.889307634
C4H8N2O3,asparagine,O18-label-2,col009b2_blank1,0,0
C4H7NO4,aspartate,C12 PARENT,col009b2_blank1,1144.17,0.796487344
C4H7NO4,aspartate,O18-label-1,col009b2_blank1,0,0
C4H7NO4,aspartate,O18-label-2,col009b2_blank1,0,0
C4H7NO4,aspartate,O18-label-3,col009b2_blank1,292.35,0.203512656
C4H7NO4,aspartate,O18-label-4,col009b2_blank1,0,0
C5H9NO4,glutamate,C12 PARENT,col009b2_blank1,728.57,1
C5H9NO4,glutamate,O18-label-1,col009b2_blank1,0,0
C5H9NO4,glutamate,O18-label-2,col009b2_blank1,0,0
C5H9NO4,glutamate,O18-label-3,col009b2_blank1,0,0
C5H9NO4,glutamate,O18-label-4,col009b2_blank1,0,0
C5H10N2O3,glutamine,C12 PARENT,col009b2_blank1,430.42,0.398828773
C5H10N2O3,glutamine,O18-label-1,col009b2_blank1,648.79,0.601171227
C5H10N2O3,glutamine,O18-label-2,col009b2_blank1,0,0
C5H10N2O3,glutamine,O18-label-3,col009b2_blank1,0,0
C2H5NO2,glycine,C12 PARENT,col009b2_blank1,1719.3,1
C2H5NO2,glycine,O18-label-1,col009b2_blank1,0,0
C2H5NO2,glycine,O18-label-2,col009b2_blank1,0,0
C6H9N3O2,histidine,C12 PARENT,col009b2_blank1,33626.08,0.922536071
C6H9N3O2,histidine,O18-label-1,col009b2_blank1,2823.53,0.077463929
C6H9N3O2,histidine,O18-label-2,col009b2_blank1,0,0
C6H13NO2,isoleucine,C12 PARENT,col009b2_blank1,1015.47,0.545192447
C6H13NO2,isoleucine,O18-label-1,col009b2_blank1,466.24,0.250318105
C6H13NO2,isoleucine,O18-label-2,col009b2_blank1,380.88,0.204489447
C6H14N2O2,lysine,C12 PARENT,col009b2_blank1,277.44,1
C6H14N2O2,lysine,O18-label-1,col009b2_blank1,0,0
C6H14N2O2,lysine,O18-label-2,col009b2_blank1,0,0
C5H11NO2S,methionine,C12 PARENT,col009b2_blank1,0,NA
C5H11NO2S,methionine,O18-label-1,col009b2_blank1,0,NA
C5H11NO2S,methionine,O18-label-2,col009b2_blank1,0,NA
C9H11NO2,phenylalanine,C12 PARENT,col009b2_blank1,782.67,0.37870335
C9H11NO2,phenylalanine,O18-label-1,col009b2_blank1,762.76,0.369069681
C9H11NO2,phenylalanine,O18-label-2,col009b2_blank1,521.28,0.252226969
C5H9NO2,proline,C12 PARENT,col009b2_blank1,494.04,1
C5H9NO2,proline,O18-label-1,col009b2_blank1,0,0
C5H9NO2,proline,O18-label-2,col009b2_blank1,0,0
C3H7NO3,serine,C12 PARENT,col009b2_blank1,690.59,0.579407496
C3H7NO3,serine,O18-label-1,col009b2_blank1,0,0
C3H7NO3,serine,O18-label-2,col009b2_blank1,501.3,0.420592504
C3H7NO3,serine,O18-label-3,col009b2_blank1,0,0
C4H9NO3,threonine,C12 PARENT,col009b2_blank1,480.68,0.7005159
C4H9NO3,threonine,O18-label-1,col009b2_blank1,205.5,0.2994841
C4H9NO3,threonine,O18-label-2,col009b2_blank1,0,0
C11H12N2O2,tryptophan,C12 PARENT,col009b2_blank1,0,0
C11H12N2O2,tryptophan,O18-label-1,col009b2_blank1,512.53,1
C11H12N2O2,tryptophan,O18-label-2,col009b2_blank1,0,0
C9H11NO3,tyrosine,C12 PARENT,col009b2_blank1,3235.75,0.93479071
C9H11NO3,tyrosine,O18-label-1,col009b2_blank1,225.72,0.06520929
C9H11NO3,tyrosine,O18-label-2,col009b2_blank1,0,0
C5H11NO2,valine,C12 PARENT,col009b2_blank1,743.08,0.613269289
C5H11NO2,valine,O18-label-1,col009b2_blank1,202.84,0.167405317
C5H11NO2,valine,O18-label-2,col009b2_blank1,265.75,0.219325394
C3H7NO2,alanine,C12 PARENT,col009b2_blank2,21985.85,1
C3H7NO2,alanine,O18-label-1,col009b2_blank2,0,0
C3H7NO2,alanine,O18-label-2,col009b2_blank2,0,0
C6H14N4O2,arginine,C12 PARENT,col009b2_blank2,597.8,1
C6H14N4O2,arginine,O18-label-1,col009b2_blank2,0,0
C6H14N4O2,arginine,O18-label-2,col009b2_blank2,0,0
C4H8N2O3,asparagine,C12 PARENT,col009b2_blank2,313.54,0.166903549
C4H8N2O3,asparagine,O18-label-1,col009b2_blank2,1565.03,0.833096451
C4H8N2O3,asparagine,O18-label-2,col009b2_blank2,0,0
C4H7NO4,aspartate,C12 PARENT,col009b2_blank2,924.57,0.781441225
C4H7NO4,aspartate,O18-label-1,col009b2_blank2,0,0
C4H7NO4,aspartate,O18-label-2,col009b2_blank2,0,0
C4H7NO4,aspartate,O18-label-3,col009b2_blank2,258.59,0.218558775
C4H7NO4,aspartate,O18-label-4,col009b2_blank2,0,0
C5H9NO4,glutamate,C12 PARENT,col009b2_blank2,691.22,1
C5H9NO4,glutamate,O18-label-1,col009b2_blank2,0,0
C5H9NO4,glutamate,O18-label-2,col009b2_blank2,0,0
C5H9NO4,glutamate,O18-label-3,col009b2_blank2,0,0
C5H9NO4,glutamate,O18-label-4,col009b2_blank2,0,0
C5H10N2O3,glutamine,C12 PARENT,col009b2_blank2,398.93,0.425443648
C5H10N2O3,glutamine,O18-label-1,col009b2_blank2,538.75,0.574556352
C5H10N2O3,glutamine,O18-label-2,col009b2_blank2,0,0
C5H10N2O3,glutamine,O18-label-3,col009b2_blank2,0,0
C2H5NO2,glycine,C12 PARENT,col009b2_blank2,1850.79,1
C2H5NO2,glycine,O18-label-1,col009b2_blank2,0,0
C2H5NO2,glycine,O18-label-2,col009b2_blank2,0,0
C6H9N3O2,histidine,C12 PARENT,col009b2_blank2,25413.43,0.894635271
C6H9N3O2,histidine,O18-label-1,col009b2_blank2,2797.51,0.098481438
C6H9N3O2,histidine,O18-label-2,col009b2_blank2,195.53,0.006883291
C6H13NO2,isoleucine,C12 PARENT,col009b2_blank2,946.87,0.568311816
C6H13NO2,isoleucine,O18-label-1,col009b2_blank2,374.17,0.224577009
C6H13NO2,isoleucine,O18-label-2,col009b2_blank2,345.07,0.207111175
C6H14N2O2,lysine,C12 PARENT,col009b2_blank2,354.45,1
C6H14N2O2,lysine,O18-label-1,col009b2_blank2,0,0
C6H14N2O2,lysine,O18-label-2,col009b2_blank2,0,0
C5H11NO2S,methionine,C12 PARENT,col009b2_blank2,0,NA
C5H11NO2S,methionine,O18-label-1,col009b2_blank2,0,NA
C5H11NO2S,methionine,O18-label-2,col009b2_blank2,0,NA
C9H11NO2,phenylalanine,C12 PARENT,col009b2_blank2,698.45,0.470748804
C9H11NO2,phenylalanine,O18-label-1,col009b2_blank2,403.28,0.271806969
C9H11NO2,phenylalanine,O18-label-2,col009b2_blank2,381.97,0.257444227
C5H9NO2,proline,C12 PARENT,col009b2_blank2,351.24,1
C5H9NO2,proline,O18-label-1,col009b2_blank2,0,0
C5H9NO2,proline,O18-label-2,col009b2_blank2,0,0
C3H7NO3,serine,C12 PARENT,col009b2_blank2,448.65,1
C3H7NO3,serine,O18-label-1,col009b2_blank2,0,0
C3H7NO3,serine,O18-label-2,col009b2_blank2,0,0
C3H7NO3,serine,O18-label-3,col009b2_blank2,0,0
C4H9NO3,threonine,C12 PARENT,col009b2_blank2,387.22,1
C4H9NO3,threonine,O18-label-1,col009b2_blank2,0,0
C4H9NO3,threonine,O18-label-2,col009b2_blank2,0,0
C11H12N2O2,tryptophan,C12 PARENT,col009b2_blank2,0,0
C11H12N2O2,tryptophan,O18-label-1,col009b2_blank2,336.32,1
C11H12N2O2,tryptophan,O18-label-2,col009b2_blank2,0,0
C9H11NO3,tyrosine,C12 PARENT,col009b2_blank2,2735.14,1
C9H11NO3,tyrosine,O18-label-1,col009b2_blank2,0,0
C9H11NO3,tyrosine,O18-label-2,col009b2_blank2,0,0
C5H11NO2,valine,C12 PARENT,col009b2_blank2,641.94,0.722100361
C5H11NO2,valine,O18-label-1,col009b2_blank2,247.05,0.277899639
C5H11NO2,valine,O18-label-2,col009b2_blank2,0,0
C3H7NO2,alanine,C12 PARENT,col009b2_blank3,15732.53,1
C3H7NO2,alanine,O18-label-1,col009b2_blank3,0,0
C3H7NO2,alanine,O18-label-2,col009b2_blank3,0,0
C6H14N4O2,arginine,C12 PARENT,col009b2_blank3,504.49,1
C6H14N4O2,arginine,O18-label-1,col009b2_blank3,0,0
C6H14N4O2,arginine,O18-label-2,col009b2_blank3,0,0
C4H8N2O3,asparagine,C12 PARENT,col009b2_blank3,0,0
C4H8N2O3,asparagine,O18-label-1,col009b2_blank3,1395.18,1
C4H8N2O3,asparagine,O18-label-2,col009b2_blank3,0,0
C4H7NO4,aspartate,C12 PARENT,col009b2_blank3,677.36,1
C4H7NO4,aspartate,O18-label-1,col009b2_blank3,0,0
C4H7NO4,aspartate,O18-label-2,col009b2_blank3,0,0
C4H7NO4,aspartate,O18-label-3,col009b2_blank3,0,0
C4H7NO4,aspartate,O18-label-4,col009b2_blank3,0,0
C5H9NO4,glutamate,C12 PARENT,col009b2_blank3,802.08,0.75590195
C5H9NO4,glutamate,O18-label-1,col009b2_blank3,0,0
C5H9NO4,glutamate,O18-label-2,col009b2_blank3,0,0
C5H9NO4,glutamate,O18-label-3,col009b2_blank3,259.01,0.24409805
C5H9NO4,glutamate,O18-label-4,col009b2_blank3,0,0
C5H10N2O3,glutamine,C12 PARENT,col009b2_blank3,265.62,0.373208565
C5H10N2O3,glutamine,O18-label-1,col009b2_blank3,446.1,0.626791435
C5H10N2O3,glutamine,O18-label-2,col009b2_blank3,0,0
C5H10N2O3,glutamine,O18-label-3,col009b2_blank3,0,0
C2H5NO2,glycine,C12 PARENT,col009b2_blank3,1967.89,1
C2H5NO2,glycine,O18-label-1,col009b2_blank3,0,0
C2H5NO2,glycine,O18-label-2,col009b2_blank3,0,0
C6H9N3O2,histidine,C12 PARENT,col009b2_blank3,16012.5,0.860501259
C6H9N3O2,histidine,O18-label-1,col009b2_blank3,2595.84,0.139498741
C6H9N3O2,histidine,O18-label-2,col009b2_blank3,0,0
C6H13NO2,isoleucine,C12 PARENT,col009b2_blank3,905.6,0.611710032
C6H13NO2,isoleucine,O18-label-1,col009b2_blank3,335.84,0.226851477
C6H13NO2,isoleucine,O18-label-2,col009b2_blank3,239,0.161438491
C6H14N2O2,lysine,C12 PARENT,col009b2_blank3,354.14,1
C6H14N2O2,lysine,O18-label-1,col009b2_blank3,0,0
C6H14N2O2,lysine,O18-label-2,col009b2_blank3,0,0
C5H11NO2S,methionine,C12 PARENT,col009b2_blank3,0,NA
C5H11NO2S,methionine,O18-label-1,col009b2_blank3,0,NA
C5H11NO2S,methionine,O18-label-2,col009b2_blank3,0,NA
C9H11NO2,phenylalanine,C12 PARENT,col009b2_blank3,606.08,0.654012582
C9H11NO2,phenylalanine,O18-label-1,col009b2_blank3,320.63,0.345987418
C9H11NO2,phenylalanine,O18-label-2,col009b2_blank3,0,0
C5H9NO2,proline,C12 PARENT,col009b2_blank3,365.9,1
C5H9NO2,proline,O18-label-1,col009b2_blank3,0,0
C5H9NO2,proline,O18-label-2,col009b2_blank3,0,0
C3H7NO3,serine,C12 PARENT,col009b2_blank3,384.42,1
C3H7NO3,serine,O18-label-1,col009b2_blank3,0,0
C3H7NO3,serine,O18-label-2,col009b2_blank3,0,0
C3H7NO3,serine,O18-label-3,col009b2_blank3,0,0
C4H9NO3,threonine,C12 PARENT,col009b2_blank3,426.88,1
C4H9NO3,threonine,O18-label-1,col009b2_blank3,0,0
C4H9NO3,threonine,O18-label-2,col009b2_blank3,0,0
C11H12N2O2,tryptophan,C12 PARENT,col009b2_blank3,0,0
C11H12N2O2,tryptophan,O18-label-1,col009b2_blank3,426.32,1
C11H12N2O2,tryptophan,O18-label-2,col009b2_blank3,0,0
C9H11NO3,tyrosine,C12 PARENT,col009b2_blank3,2625.41,1
C9H11NO3,tyrosine,O18-label-1,col009b2_blank3,0,0
C9H11NO3,tyrosine,O18-label-2,col009b2_blank3,0,0
C5H11NO2,valine,C12 PARENT,col009b2_blank3,761.94,1
C5H11NO2,valine,O18-label-1,col009b2_blank3,0,0
C5H11NO2,valine,O18-label-2,col009b2_blank3,0,0
C3H7NO2,alanine,C12 PARENT,col009b2_blank4,13516.34,1
C3H7NO2,alanine,O18-label-1,col009b2_blank4,0,0
C3H7NO2,alanine,O18-label-2,col009b2_blank4,0,0
C3H7NO2,alanine,C12 PARENT,col009b_T0,588428.19,0.998105742
C3H7NO2,alanine,O18-label-1,col009b_T0,1116.75,0.001894258
C3H7NO2,alanine,O18-label-2,col009b_T0,0,0
C6H14N4O2,arginine,C12 PARENT,col009b_T0,722971.5,0.996320566
C6H14N4O2,arginine,O18-label-1,col009b_T0,1624.28,0.002238406
C6H14N4O2,arginine,O18-label-2,col009b_T0,1045.67,0.001441028
C4H8N2O3,asparagine,C12 PARENT,col009b_T0,367787.5,0.99729766
C4H8N2O3,asparagine,O18-label-1,col009b_T0,847.26,0.002297442
C4H8N2O3,asparagine,O18-label-2,col009b_T0,149.32,4.05E-04
C4H7NO4,aspartate,C12 PARENT,col009b_T0,2634100.25,0.976868146
C4H7NO4,aspartate,O18-label-1,col009b_T0,13371.44,0.00495886
C4H7NO4,aspartate,O18-label-2,col009b_T0,2195.83,8.14E-04
C4H7NO4,aspartate,O18-label-3,col009b_T0,46355.14,0.017191016
C4H7NO4,aspartate,O18-label-4,col009b_T0,452.05,1.68E-04
C5H9NO4,glutamate,C12 PARENT,col009b_T0,9793244,0.993400564
C5H9NO4,glutamate,O18-label-1,col009b_T0,60923.67,0.006179935
C5H9NO4,glutamate,O18-label-2,col009b_T0,742.39,7.53E-05
C5H9NO4,glutamate,O18-label-3,col009b_T0,816.51,8.28E-05
C5H9NO4,glutamate,O18-label-4,col009b_T0,2576.67,2.61E-04
C5H10N2O3,glutamine,C12 PARENT,col009b_T0,4324772.5,0.996296014
C5H10N2O3,glutamine,O18-label-1,col009b_T0,13466,0.003102157
C5H10N2O3,glutamine,O18-label-2,col009b_T0,1022.02,2.35E-04
C5H10N2O3,glutamine,O18-label-3,col009b_T0,1590.43,3.66E-04
C2H5NO2,glycine,C12 PARENT,col009b_T0,85016.03,1
C2H5NO2,glycine,O18-label-1,col009b_T0,0,0
C2H5NO2,glycine,O18-label-2,col009b_T0,0,0
C6H13NO2,isoleucine,C12 PARENT,col009b_T0,2417774.75,0.996317846
C6H13NO2,isoleucine,O18-label-1,col009b_T0,6639.57,0.002736037
C6H13NO2,isoleucine,O18-label-2,col009b_T0,2295.95,9.46E-04
C6H14N2O2,lysine,C12 PARENT,col009b_T0,118977.06,0.996372755
C6H14N2O2,lysine,O18-label-1,col009b_T0,276.46,0.002315213
C6H14N2O2,lysine,O18-label-2,col009b_T0,156.67,0.001312032
C5H11NO2S,methionine,C12 PARENT,col009b_T0,553773.81,0.997648893
C5H11NO2S,methionine,O18-label-1,col009b_T0,1305.05,0.002351107
C5H11NO2S,methionine,O18-label-2,col009b_T0,0,0
C9H11NO2,phenylalanine,C12 PARENT,col009b_T0,1495864.62,0.997217817
C9H11NO2,phenylalanine,O18-label-1,col009b_T0,3809.94,0.002539896
C9H11NO2,phenylalanine,O18-label-2,col009b_T0,363.44,2.42E-04
C5H9NO2,proline,C12 PARENT,col009b_T0,251696.31,0.99872176
C5H9NO2,proline,O18-label-1,col009b_T0,322.14,0.00127824
C5H9NO2,proline,O18-label-2,col009b_T0,0,0
C3H7NO3,serine,C12 PARENT,col009b_T0,372105.97,0.995850467
C3H7NO3,serine,O18-label-1,col009b_T0,1186.82,0.003176233
C3H7NO3,serine,O18-label-2,col009b_T0,363.68,9.73E-04
C3H7NO3,serine,O18-label-3,col009b_T0,0,0
C4H9NO3,threonine,C12 PARENT,col009b_T0,207403.38,0.997312541
C4H9NO3,threonine,O18-label-1,col009b_T0,558.89,0.002687459
C4H9NO3,threonine,O18-label-2,col009b_T0,0,0
C11H12N2O2,tryptophan,C12 PARENT,col009b_T0,145445.16,0.982928442
C11H12N2O2,tryptophan,O18-label-1,col009b_T0,2526.1,0.017071558
C11H12N2O2,tryptophan,O18-label-2,col009b_T0,0,0
C5H11NO2,valine,C12 PARENT,col009b_T0,3423747,0.998165354
C5H11NO2,valine,O18-label-1,col009b_T0,6292.91,0.001834646
C5H11NO2,valine,O18-label-2,col009b_T0,0,0
C3H7NO2,alanine,C12 PARENT,col009b_T1,285723.66,0.54697028
C3H7NO2,alanine,O18-label-1,col009b_T1,72082.5,0.137989921
C3H7NO2,alanine,O18-label-2,col009b_T1,164568.95,0.3150398
C6H14N4O2,arginine,C12 PARENT,col009b_T1,381687.91,0.688547892
C6H14N4O2,arginine,O18-label-1,col009b_T1,133159.31,0.24021343
C6H14N4O2,arginine,O18-label-2,col009b_T1,39490.27,0.071238678
C4H8N2O3,asparagine,C12 PARENT,col009b_T1,295140.09,0.931509017
C4H8N2O3,asparagine,O18-label-1,col009b_T1,19813.34,0.062534049
C4H8N2O3,asparagine,O18-label-2,col009b_T1,1887.4,0.005956934
C4H7NO4,aspartate,C12 PARENT,col009b_T1,1596594.38,0.714883958
C4H7NO4,aspartate,O18-label-1,col009b_T1,217940.25,0.097583951
C4H7NO4,aspartate,O18-label-2,col009b_T1,330123.62,0.147814675
C4H7NO4,aspartate,O18-label-3,col009b_T1,43976.94,0.019690918
C4H7NO4,aspartate,O18-label-4,col009b_T1,44726.41,0.020026497
C5H9NO4,glutamate,C12 PARENT,col009b_T1,6413795.5,0.603151895
C5H9NO4,glutamate,O18-label-1,col009b_T1,2004880.62,0.188538525
C5H9NO4,glutamate,O18-label-2,col009b_T1,1971107,0.185362461
C5H9NO4,glutamate,O18-label-3,col009b_T1,161185.23,0.015157823
C5H9NO4,glutamate,O18-label-4,col009b_T1,82829.8,0.007789296
C5H10N2O3,glutamine,C12 PARENT,col009b_T1,4976714,0.828459707
C5H10N2O3,glutamine,O18-label-1,col009b_T1,838314.69,0.13955191
C5H10N2O3,glutamine,O18-label-2,col009b_T1,185049.77,0.030804719
C5H10N2O3,glutamine,O18-label-3,col009b_T1,7110.49,0.001183663
C2H5NO2,glycine,C12 PARENT,col009b_T1,68674.64,0.900903978
C2H5NO2,glycine,O18-label-1,col009b_T1,5772.17,0.075721852
C2H5NO2,glycine,O18-label-2,col009b_T1,1781.78,0.02337417
C6H13NO2,isoleucine,C12 PARENT,col009b_T1,1704638.5,0.694733791
C6H13NO2,isoleucine,O18-label-1,col009b_T1,416018.91,0.16955055
C6H13NO2,isoleucine,O18-label-2,col009b_T1,332999.69,0.135715659
C6H14N2O2,lysine,C12 PARENT,col009b_T1,70287.65,0.900434539
C6H14N2O2,lysine,O18-label-1,col009b_T1,6477.43,0.082980462
C6H14N2O2,lysine,O18-label-2,col009b_T1,1294.62,0.016584998
C5H11NO2S,methionine,C12 PARENT,col009b_T1,168117.02,0.355208842
C5H11NO2S,methionine,O18-label-1,col009b_T1,121147.6,0.255968721
C5H11NO2S,methionine,O18-label-2,col009b_T1,184026.02,0.388822437
C9H11NO2,phenylalanine,C12 PARENT,col009b_T1,1013151.56,0.73642047
C9H11NO2,phenylalanine,O18-label-1,col009b_T1,271198.91,0.197123941
C9H11NO2,phenylalanine,O18-label-2,col009b_T1,91428.18,0.066455589
C5H9NO2,proline,C12 PARENT,col009b_T1,177636.05,0.640924009
C5H9NO2,proline,O18-label-1,col009b_T1,69427.26,0.25049869
C5H9NO2,proline,O18-label-2,col009b_T1,30092.87,0.108577301
C3H7NO3,serine,C12 PARENT,col009b_T1,55771.22,0.187860686
C3H7NO3,serine,O18-label-1,col009b_T1,180615.58,0.608388461
C3H7NO3,serine,O18-label-2,col009b_T1,54413.39,0.183286949
C3H7NO3,serine,O18-label-3,col009b_T1,6075.23,0.020463904
C4H9NO3,threonine,C12 PARENT,col009b_T1,144169.33,0.803034456
C4H9NO3,threonine,O18-label-1,col009b_T1,29090.43,0.162035973
C4H9NO3,threonine,O18-label-2,col009b_T1,6270.93,0.034929571
C11H12N2O2,tryptophan,C12 PARENT,col009b_T1,155927.42,0.891944662
C11H12N2O2,tryptophan,O18-label-1,col009b_T1,14303.65,0.081820531
C11H12N2O2,tryptophan,O18-label-2,col009b_T1,4586.3,0.026234807
C5H11NO2,valine,C12 PARENT,col009b_T1,2446542.25,0.800169968
C5H11NO2,valine,O18-label-1,col009b_T1,536912,0.175603286
C5H11NO2,valine,O18-label-2,col009b_T1,74073.96,0.024226746
C3H7NO2,alanine,C12 PARENT,col009b_T2,282607.5,0.518642539
C3H7NO2,alanine,O18-label-1,col009b_T2,66429,0.121910796
C3H7NO2,alanine,O18-label-2,col009b_T2,195861.92,0.359446665
C6H14N4O2,arginine,C12 PARENT,col009b_T2,259913.64,0.448278082
C6H14N4O2,arginine,O18-label-1,col009b_T2,208849.88,0.360207427
C6H14N4O2,arginine,O18-label-2,col009b_T2,111040.96,0.191514491
C4H8N2O3,asparagine,C12 PARENT,col009b_T2,240364.31,0.828242173
C4H8N2O3,asparagine,O18-label-1,col009b_T2,45406.64,0.156461224
C4H8N2O3,asparagine,O18-label-2,col009b_T2,4439.23,0.015296603
C4H7NO4,aspartate,C12 PARENT,col009b_T2,981815.94,0.401956676
C4H7NO4,aspartate,O18-label-1,col009b_T2,293067.34,0.119982136
C4H7NO4,aspartate,O18-label-2,col009b_T2,634795.69,0.259886151
C4H7NO4,aspartate,O18-label-3,col009b_T2,246434.73,0.100890687
C4H7NO4,aspartate,O18-label-4,col009b_T2,286477.75,0.11728435
C5H9NO4,glutamate,C12 PARENT,col009b_T2,3349001.25,0.303751103
C5H9NO4,glutamate,O18-label-1,col009b_T2,2584558,0.234416855
C5H9NO4,glutamate,O18-label-2,col009b_T2,3764713.25,0.34145577
C5H9NO4,glutamate,O18-label-3,col009b_T2,654888.56,0.059397745
C5H9NO4,glutamate,O18-label-4,col009b_T2,672317.44,0.060978527
C5H10N2O3,glutamine,C12 PARENT,col009b_T2,5263474.5,0.632395988
C5H10N2O3,glutamine,O18-label-1,col009b_T2,2336746.75,0.280755472
C5H10N2O3,glutamine,O18-label-2,col009b_T2,616616.69,0.074085268
C5H10N2O3,glutamine,O18-label-3,col009b_T2,106229.57,0.012763271
C2H5NO2,glycine,C12 PARENT,col009b_T2,47488.59,0.761044487
C2H5NO2,glycine,O18-label-1,col009b_T2,11006.75,0.176392401
C2H5NO2,glycine,O18-label-2,col009b_T2,3903.89,0.062563112
C6H13NO2,isoleucine,C12 PARENT,col009b_T2,1336745.12,0.529676203
C6H13NO2,isoleucine,O18-label-1,col009b_T2,652652.31,0.258609059
C6H13NO2,isoleucine,O18-label-2,col009b_T2,534305,0.211714738
C6H14N2O2,lysine,C12 PARENT,col009b_T2,51377.98,0.719938916
C6H14N2O2,lysine,O18-label-1,col009b_T2,15490.03,0.217055544
C6H14N2O2,lysine,O18-label-2,col009b_T2,4496.35,0.063005539
C5H11NO2S,methionine,C12 PARENT,col009b_T2,140209.42,0.321710609
C5H11NO2S,methionine,O18-label-1,col009b_T2,70104.63,0.160855121
C5H11NO2S,methionine,O18-label-2,col009b_T2,225510.62,0.51743427
C9H11NO2,phenylalanine,C12 PARENT,col009b_T2,763670.19,0.575867555
C9H11NO2,phenylalanine,O18-label-1,col009b_T2,380393.34,0.28684658
C9H11NO2,phenylalanine,O18-label-2,col009b_T2,182057.7,0.137285865
C5H9NO2,proline,C12 PARENT,col009b_T2,131869.61,0.476021505
C5H9NO2,proline,O18-label-1,col009b_T2,90857.84,0.327977657
C5H9NO2,proline,O18-label-2,col009b_T2,54297.03,0.196000837
C3H7NO3,serine,C12 PARENT,col009b_T2,24812.38,0.095987489
C3H7NO3,serine,O18-label-1,col009b_T2,105399.34,0.407740732
C3H7NO3,serine,O18-label-2,col009b_T2,90191.66,0.348909333
C3H7NO3,serine,O18-label-3,col009b_T2,38092.6,0.147362446
C4H9NO3,threonine,C12 PARENT,col009b_T2,93874.12,0.594782026
C4H9NO3,threonine,O18-label-1,col009b_T2,50843.67,0.322143111
C4H9NO3,threonine,O18-label-2,col009b_T2,13111.66,0.083074863
C11H12N2O2,tryptophan,C12 PARENT,col009b_T2,145599.75,0.877919479
C11H12N2O2,tryptophan,O18-label-1,col009b_T2,15641.57,0.094313617
C11H12N2O2,tryptophan,O18-label-2,col009b_T2,4605.04,0.027766904
C5H11NO2,valine,C12 PARENT,col009b_T2,1830527.38,0.623723519
C5H11NO2,valine,O18-label-1,col009b_T2,905007.81,0.308367229
C5H11NO2,valine,O18-label-2,col009b_T2,199302.64,0.067909251
C3H7NO2,alanine,C12 PARENT,col009b_T3,307365.59,0.628628496
C3H7NO2,alanine,O18-label-1,col009b_T3,50266.75,0.102806275
C3H7NO2,alanine,O18-label-2,col009b_T3,131313.98,0.268565228
C6H14N4O2,arginine,C12 PARENT,col009b_T3,186605.17,0.348447884
C6H14N4O2,arginine,O18-label-1,col009b_T3,213233.67,0.398171289
C6H14N4O2,arginine,O18-label-2,col009b_T3,135693.67,0.253380826
C4H8N2O3,asparagine,C12 PARENT,col009b_T3,184061.14,0.71555912
C4H8N2O3,asparagine,O18-label-1,col009b_T3,58380.67,0.226961654
C4H8N2O3,asparagine,O18-label-2,col009b_T3,14785.21,0.057479226
C4H7NO4,aspartate,C12 PARENT,col009b_T3,460652.84,0.201233063
C4H7NO4,aspartate,O18-label-1,col009b_T3,245274.67,0.107146573
C4H7NO4,aspartate,O18-label-2,col009b_T3,656519.94,0.286796275
C4H7NO4,aspartate,O18-label-3,col009b_T3,414232.66,0.180954723
C4H7NO4,aspartate,O18-label-4,col009b_T3,512470.75,0.223869365
C5H9NO4,glutamate,C12 PARENT,col009b_T3,1674666,0.151481058
C5H9NO4,glutamate,O18-label-1,col009b_T3,2262383.25,0.204642721
C5H9NO4,glutamate,O18-label-2,col009b_T3,4284530,0.387554973
C5H9NO4,glutamate,O18-label-3,col009b_T3,1277315,0.115538876
C5H9NO4,glutamate,O18-label-4,col009b_T3,1556389,0.140782372
C5H10N2O3,glutamine,C12 PARENT,col009b_T3,4853534,0.476104751
C5H10N2O3,glutamine,O18-label-1,col009b_T3,3688785.25,0.361849363
C5H10N2O3,glutamine,O18-label-2,col009b_T3,1225948,0.120258696
C5H10N2O3,glutamine,O18-label-3,col009b_T3,425989.34,0.04178719
C2H5NO2,glycine,C12 PARENT,col009b_T3,36784.75,0.634402601
C2H5NO2,glycine,O18-label-1,col009b_T3,13733.39,0.236850824
C2H5NO2,glycine,O18-label-2,col009b_T3,7465.15,0.128746575
C6H13NO2,isoleucine,C12 PARENT,col009b_T3,837877.81,0.483621297
C6H13NO2,isoleucine,O18-label-1,col009b_T3,607363,0.350568637
C6H13NO2,isoleucine,O18-label-2,col009b_T3,287267.28,0.165810066
C6H14N2O2,lysine,C12 PARENT,col009b_T3,31329.34,0.55509284
C6H14N2O2,lysine,O18-label-1,col009b_T3,19942.09,0.353333692
C6H14N2O2,lysine,O18-label-2,col009b_T3,5168.39,0.091573467
C5H11NO2S,methionine,C12 PARENT,col009b_T3,122901.85,0.387532055
C5H11NO2S,methionine,O18-label-1,col009b_T3,48846.81,0.154022943
C5H11NO2S,methionine,O18-label-2,col009b_T3,145391.17,0.458445002
C9H11NO2,phenylalanine,C12 PARENT,col009b_T3,559958.75,0.474181454
C9H11NO2,phenylalanine,O18-label-1,col009b_T3,394674.84,0.334216564
C9H11NO2,phenylalanine,O18-label-2,col009b_T3,226261.92,0.191601982
C5H9NO2,proline,C12 PARENT,col009b_T3,156761.17,0.422046453
C5H9NO2,proline,O18-label-1,col009b_T3,126371.46,0.340228556
C5H9NO2,proline,O18-label-2,col009b_T3,88298.45,0.237724991
C3H7NO3,serine,C12 PARENT,col009b_T3,16486.21,0.059977163
C3H7NO3,serine,O18-label-1,col009b_T3,79744.71,0.290112855
C3H7NO3,serine,O18-label-2,col009b_T3,113375.62,0.41246278
C3H7NO3,serine,O18-label-3,col009b_T3,65268.25,0.237447203
C4H9NO3,threonine,C12 PARENT,col009b_T3,67221.21,0.413004594
C4H9NO3,threonine,O18-label-1,col009b_T3,77781.04,0.477883793
C4H9NO3,threonine,O18-label-2,col009b_T3,17759.16,0.109111613
C11H12N2O2,tryptophan,C12 PARENT,col009b_T3,146456.55,0.888629354
C11H12N2O2,tryptophan,O18-label-1,col009b_T3,12045.48,0.073086298
C11H12N2O2,tryptophan,O18-label-2,col009b_T3,6309.71,0.038284348
C5H11NO2,valine,C12 PARENT,col009b_T3,1183200.5,0.491287113
C5H11NO2,valine,O18-label-1,col009b_T3,937831.25,0.389405183
C5H11NO2,valine,O18-label-2,col009b_T3,287336.94,0.119307705
C3H7NO2,alanine,C12 PARENT,col009b_T4,297730.69,0.630899925
C3H7NO2,alanine,O18-label-1,col009b_T4,47731.64,0.101144723
C3H7NO2,alanine,O18-label-2,col009b_T4,126451.96,0.267955353
C6H14N4O2,arginine,C12 PARENT,col009b_T4,156728.39,0.273994704
C6H14N4O2,arginine,O18-label-1,col009b_T4,225145.64,0.393602671
C6H14N4O2,arginine,O18-label-2,col009b_T4,190138.45,0.332402625
C4H8N2O3,asparagine,C12 PARENT,col009b_T4,129756.69,0.570119126
C4H8N2O3,asparagine,O18-label-1,col009b_T4,79055.96,0.347352532
C4H8N2O3,asparagine,O18-label-2,col009b_T4,18783.1,0.082528342
C4H7NO4,aspartate,C12 PARENT,col009b_T4,83321.43,0.044967435
C4H7NO4,aspartate,O18-label-1,col009b_T4,88674.73,0.047856538
C4H7NO4,aspartate,O18-label-2,col009b_T4,433155.97,0.233768349
C4H7NO4,aspartate,O18-label-3,col009b_T4,512900.34,0.276805294
C4H7NO4,aspartate,O18-label-4,col009b_T4,734875.75,0.396602384
C5H9NO4,glutamate,C12 PARENT,col009b_T4,614355,0.05406206
C5H9NO4,glutamate,O18-label-1,col009b_T4,1638717.62,0.144204003
C5H9NO4,glutamate,O18-label-2,col009b_T4,3837779.75,0.337717247
C5H9NO4,glutamate,O18-label-3,col009b_T4,2185010.75,0.19227675
C5H9NO4,glutamate,O18-label-4,col009b_T4,3088021.25,0.271739939
C5H10N2O3,glutamine,C12 PARENT,col009b_T4,4325064.5,0.307807863
C5H10N2O3,glutamine,O18-label-1,col009b_T4,5625065.5,0.400326837
C5H10N2O3,glutamine,O18-label-2,col009b_T4,2557954.75,0.182045513
C5H10N2O3,glutamine,O18-label-3,col009b_T4,1543097.88,0.109819787
C2H5NO2,glycine,C12 PARENT,col009b_T4,29414.38,0.48495607
C2H5NO2,glycine,O18-label-1,col009b_T4,21120.64,0.348216844
C2H5NO2,glycine,O18-label-2,col009b_T4,10118.68,0.166827086
C6H13NO2,isoleucine,C12 PARENT,col009b_T4,798478.31,0.435329591
C6H13NO2,isoleucine,O18-label-1,col009b_T4,643397.94,0.350779925
C6H13NO2,isoleucine,O18-label-2,col009b_T4,392316.34,0.213890484
C6H14N2O2,lysine,C12 PARENT,col009b_T4,22121.95,0.366639569
C6H14N2O2,lysine,O18-label-1,col009b_T4,27895.98,0.462335828
C6H14N2O2,lysine,O18-label-2,col009b_T4,10319.12,0.171024603
C5H11NO2S,methionine,C12 PARENT,col009b_T4,127634.76,0.344091514
C5H11NO2S,methionine,O18-label-1,col009b_T4,62911.67,0.169604047
C5H11NO2S,methionine,O18-label-2,col009b_T4,180386.17,0.486304439
C9H11NO2,phenylalanine,C12 PARENT,col009b_T4,573990.56,0.442157693
C9H11NO2,phenylalanine,O18-label-1,col009b_T4,436630.38,0.336346092
C9H11NO2,phenylalanine,O18-label-2,col009b_T4,287537.09,0.221496215
C5H9NO2,proline,C12 PARENT,col009b_T4,112607.62,0.33840814
C5H9NO2,proline,O18-label-1,col009b_T4,120810.24,0.363058634
C5H9NO2,proline,O18-label-2,col009b_T4,99338.97,0.298533226
C3H7NO3,serine,C12 PARENT,col009b_T4,10713.75,0.044103721
C3H7NO3,serine,O18-label-1,col009b_T4,51508.12,0.212035912
C3H7NO3,serine,O18-label-2,col009b_T4,109346.04,0.450128782
C3H7NO3,serine,O18-label-3,col009b_T4,71353.77,0.293731585
C4H9NO3,threonine,C12 PARENT,col009b_T4,52520.16,0.30229083
C4H9NO3,threonine,O18-label-1,col009b_T4,86717.49,0.499120758
C4H9NO3,threonine,O18-label-2,col009b_T4,34502.85,0.198588412
C11H12N2O2,tryptophan,C12 PARENT,col009b_T4,120127.19,0.851553698
C11H12N2O2,tryptophan,O18-label-1,col009b_T4,12641.62,0.089613503
C11H12N2O2,tryptophan,O18-label-2,col009b_T4,8299.44,0.058832799
C5H11NO2,valine,C12 PARENT,col009b_T4,962525.75,0.355989132
C5H11NO2,valine,O18-label-1,col009b_T4,1207974.12,0.446767952
C5H11NO2,valine,O18-label-2,col009b_T4,533306.69,0.197242916
C3H7NO2,alanine,C12 PARENT,col009b_T5,283066.97,0.707994412
C3H7NO2,alanine,O18-label-1,col009b_T5,36078.51,0.090237951
C3H7NO2,alanine,O18-label-2,col009b_T5,80669.78,0.201767636
C6H14N4O2,arginine,C12 PARENT,col009b_T5,112839.21,0.219670489
C6H14N4O2,arginine,O18-label-1,col009b_T5,208755.58,0.406396326
C6H14N4O2,arginine,O18-label-2,col009b_T5,192080.08,0.373933185
C4H8N2O3,asparagine,C12 PARENT,col009b_T5,70943.8,0.352509471
C4H8N2O3,asparagine,O18-label-1,col009b_T5,104030.12,0.516910604
C4H8N2O3,asparagine,O18-label-2,col009b_T5,26279.68,0.130579925
C4H7NO4,aspartate,C12 PARENT,col009b_T5,7352.97,0.005978812
C4H7NO4,aspartate,O18-label-1,col009b_T5,16292.68,0.013247826
C4H7NO4,aspartate,O18-label-2,col009b_T5,117903.7,0.095869293
C4H7NO4,aspartate,O18-label-3,col009b_T5,402211.97,0.327044673
C4H7NO4,aspartate,O18-label-4,col009b_T5,686076.69,0.557859396
C5H9NO4,glutamate,C12 PARENT,col009b_T5,391835.25,0.033667025
C5H9NO4,glutamate,O18-label-1,col009b_T5,776085.31,0.066682321
C5H9NO4,glutamate,O18-label-2,col009b_T5,2242573,0.192684966
C5H9NO4,glutamate,O18-label-3,col009b_T5,3133410.75,0.269226975
C5H9NO4,glutamate,O18-label-4,col009b_T5,5094642.5,0.437738713
C5H10N2O3,glutamine,C12 PARENT,col009b_T5,2853777.25,0.15846291
C5H10N2O3,glutamine,O18-label-1,col009b_T5,6281922.5,0.348818998
C5H10N2O3,glutamine,O18-label-2,col009b_T5,4899535.5,0.272058604
C5H10N2O3,glutamine,O18-label-3,col009b_T5,3973882.75,0.220659488
C2H5NO2,glycine,C12 PARENT,col009b_T5,18325.61,0.364871955
C2H5NO2,glycine,O18-label-1,col009b_T5,19960.48,0.397423025
C2H5NO2,glycine,O18-label-2,col009b_T5,11938.68,0.237705021
C6H13NO2,isoleucine,C12 PARENT,col009b_T5,637624.31,0.403885554
C6H13NO2,isoleucine,O18-label-1,col009b_T5,608026.25,0.385137478
C6H13NO2,isoleucine,O18-label-2,col009b_T5,333074.66,0.210976968
C6H14N2O2,lysine,C12 PARENT,col009b_T5,12567.58,0.234128106
C6H14N2O2,lysine,O18-label-1,col009b_T5,26081.12,0.485879003
C6H14N2O2,lysine,O18-label-2,col009b_T5,15029.52,0.279992891
C5H11NO2S,methionine,C12 PARENT,col009b_T5,114488.54,0.391044853
C5H11NO2S,methionine,O18-label-1,col009b_T5,48573.28,0.16590596
C5H11NO2S,methionine,O18-label-2,col009b_T5,129714.16,0.443049187
C9H11NO2,phenylalanine,C12 PARENT,col009b_T5,543357.19,0.367436411
C9H11NO2,phenylalanine,O18-label-1,col009b_T5,533090.56,0.360493771
C9H11NO2,phenylalanine,O18-label-2,col009b_T5,402331.09,0.272069818
C5H9NO2,proline,C12 PARENT,col009b_T5,92860.79,0.191659988
C5H9NO2,proline,O18-label-1,col009b_T5,176841.19,0.3649913
C5H9NO2,proline,O18-label-2,col009b_T5,214805.98,0.443348712
C3H7NO3,serine,C12 PARENT,col009b_T5,13246.21,0.042146182
C3H7NO3,serine,O18-label-1,col009b_T5,62271.94,0.198133997
C3H7NO3,serine,O18-label-2,col009b_T5,144810.42,0.460751139
C3H7NO3,serine,O18-label-3,col009b_T5,93963.48,0.298968682
C4H9NO3,threonine,C12 PARENT,col009b_T5,28485.58,0.189770471
C4H9NO3,threonine,O18-label-1,col009b_T5,80586.8,0.536867951
C4H9NO3,threonine,O18-label-2,col009b_T5,41033.06,0.273361578
C11H12N2O2,tryptophan,C12 PARENT,col009b_T5,118794.88,0.83937482
C11H12N2O2,tryptophan,O18-label-1,col009b_T5,16640.53,0.11757781
C11H12N2O2,tryptophan,O18-label-2,col009b_T5,6092.4,0.04304737
C5H11NO2,valine,C12 PARENT,col009b_T5,644139,0.260823279
C5H11NO2,valine,O18-label-1,col009b_T5,1105683.88,0.447710968
C5H11NO2,valine,O18-label-2,col009b_T5,719814.81,0.291465753
C3H7NO2,alanine,C12 PARENT,col009b_T6,248601.25,0.786064935
C3H7NO2,alanine,O18-label-1,col009b_T6,23896.06,0.075558167
C3H7NO2,alanine,O18-label-2,col009b_T6,43763.14,0.138376898
C6H14N4O2,arginine,C12 PARENT,col009b_T6,121578.71,0.136395595
C6H14N4O2,arginine,O18-label-1,col009b_T6,377361.25,0.423350539
C6H14N4O2,arginine,O18-label-2,col009b_T6,392428.34,0.440253866
C4H8N2O3,asparagine,C12 PARENT,col009b_T6,39812.92,0.174252934
C4H8N2O3,asparagine,O18-label-1,col009b_T6,143605.64,0.628532248
C4H8N2O3,asparagine,O18-label-2,col009b_T6,45059.2,0.197214819
C4H7NO4,aspartate,C12 PARENT,col009b_T6,2649.42,0.003192472
C4H7NO4,aspartate,O18-label-1,col009b_T6,21667.73,0.026108969
C4H7NO4,aspartate,O18-label-2,col009b_T6,45701.12,0.055068487
C4H7NO4,aspartate,O18-label-3,col009b_T6,286514.16,0.345241021
C4H7NO4,aspartate,O18-label-4,col009b_T6,473363.62,0.570389051
C5H9NO4,glutamate,C12 PARENT,col009b_T6,366892.22,0.029418993
C5H9NO4,glutamate,O18-label-1,col009b_T6,526335,0.0422038
C5H9NO4,glutamate,O18-label-2,col009b_T6,1678851.88,0.134617552
C5H9NO4,glutamate,O18-label-3,col009b_T6,3768757.25,0.302195137
C5H9NO4,glutamate,O18-label-4,col009b_T6,6130434,0.491564518
C5H10N2O3,glutamine,C12 PARENT,col009b_T6,1719518,0.081538706
C5H10N2O3,glutamine,O18-label-1,col009b_T6,5802884,0.275169934
C5H10N2O3,glutamine,O18-label-2,col009b_T6,6990853.5,0.331502869
C5H10N2O3,glutamine,O18-label-3,col009b_T6,6575109.5,0.311788491
C2H5NO2,glycine,C12 PARENT,col009b_T6,24590.89,0.272018636
C2H5NO2,glycine,O18-label-1,col009b_T6,38120.36,0.421678448
C2H5NO2,glycine,O18-label-2,col009b_T6,27690.24,0.306302916
C6H13NO2,isoleucine,C12 PARENT,col009b_T6,457377.41,0.431204537
C6H13NO2,isoleucine,O18-label-1,col009b_T6,385331.16,0.363281047
C6H13NO2,isoleucine,O18-label-2,col009b_T6,217988.55,0.205514417
C6H14N2O2,lysine,C12 PARENT,col009b_T6,15321.87,0.143154188
C6H14N2O2,lysine,O18-label-1,col009b_T6,54858.89,0.512553613
C6H14N2O2,lysine,O18-label-2,col009b_T6,36849.78,0.344292199
C5H11NO2S,methionine,C12 PARENT,col009b_T6,83984.3,0.389932639
C5H11NO2S,methionine,O18-label-1,col009b_T6,46468.77,0.215750921
C5H11NO2S,methionine,O18-label-2,col009b_T6,84928.49,0.39431644
C9H11NO2,phenylalanine,C12 PARENT,col009b_T6,501668.88,0.214090753
C9H11NO2,phenylalanine,O18-label-1,col009b_T6,957746.5,0.408725112
C9H11NO2,phenylalanine,O18-label-2,col009b_T6,883838,0.377184135
C5H9NO2,proline,C12 PARENT,col009b_T6,77682.73,0.115072484
C5H9NO2,proline,O18-label-1,col009b_T6,256716.55,0.380277717
C5H9NO2,proline,O18-label-2,col009b_T6,340677.22,0.504649799
C3H7NO3,serine,C12 PARENT,col009b_T6,13879.1,0.038406721
C3H7NO3,serine,O18-label-1,col009b_T6,66400.67,0.183746207
C3H7NO3,serine,O18-label-2,col009b_T6,179063,0.495509263
C3H7NO3,serine,O18-label-3,col009b_T6,102028.88,0.282337809
C4H9NO3,threonine,C12 PARENT,col009b_T6,18213.11,0.112772755
C4H9NO3,threonine,O18-label-1,col009b_T6,91021.71,0.563592323
C4H9NO3,threonine,O18-label-2,col009b_T6,52267.93,0.323634923
C11H12N2O2,tryptophan,C12 PARENT,col009b_T6,98066.15,0.612290891
C11H12N2O2,tryptophan,O18-label-1,col009b_T6,40677.39,0.253975458
C11H12N2O2,tryptophan,O18-label-2,col009b_T6,21419.14,0.133733651
C5H11NO2,valine,C12 PARENT,col009b_T6,421179.66,0.260553987
C5H11NO2,valine,O18-label-1,col009b_T6,706150.69,0.436845354
C5H11NO2,valine,O18-label-2,col009b_T6,489147.16,0.302600659
C3H7NO2,alanine,C12 PARENT,col009b_T7,273967.41,0.854929694
C3H7NO2,alanine,O18-label-1,col009b_T7,21624.44,0.067480201
C3H7NO2,alanine,O18-label-2,col009b_T7,24864.22,0.077590105
C6H14N4O2,arginine,C12 PARENT,col009b_T7,129380.32,0.102381659
C6H14N4O2,arginine,O18-label-1,col009b_T7,517780.59,0.409731835
C6H14N4O2,arginine,O18-label-2,col009b_T7,616545.12,0.487886506
C4H8N2O3,asparagine,C12 PARENT,col009b_T7,42086.71,0.110722257
C4H8N2O3,asparagine,O18-label-1,col009b_T7,262056.14,0.689420655
C4H8N2O3,asparagine,O18-label-2,col009b_T7,75967.81,0.199857089
C4H7NO4,aspartate,C12 PARENT,col009b_T7,2431.14,0.004483104
C4H7NO4,aspartate,O18-label-1,col009b_T7,16886.56,0.031139384
C4H7NO4,aspartate,O18-label-2,col009b_T7,32237.7,0.059447402
C4H7NO4,aspartate,O18-label-3,col009b_T7,188127.98,0.346914315
C4H7NO4,aspartate,O18-label-4,col009b_T7,302606.09,0.558015796
C5H9NO4,glutamate,C12 PARENT,col009b_T7,352007.25,0.048020908
C5H9NO4,glutamate,O18-label-1,col009b_T7,270850.84,0.036949532
C5H9NO4,glutamate,O18-label-2,col009b_T7,866843.81,0.118255027
C5H9NO4,glutamate,O18-label-3,col009b_T7,2425050.75,0.330825968
C5H9NO4,glutamate,O18-label-4,col009b_T7,3415538.75,0.465948564
C5H10N2O3,glutamine,C12 PARENT,col009b_T7,928441.19,0.037725198
C5H10N2O3,glutamine,O18-label-1,col009b_T7,5019265.5,0.203946991
C5H10N2O3,glutamine,O18-label-2,col009b_T7,9538608,0.387580693
C5H10N2O3,glutamine,O18-label-3,col009b_T7,9124323,0.370747118
C2H5NO2,glycine,C12 PARENT,col009b_T7,21937.32,0.20700262
C2H5NO2,glycine,O18-label-1,col009b_T7,49154.93,0.463830554
C2H5NO2,glycine,O18-label-2,col009b_T7,34883.8,0.329166826
C6H13NO2,isoleucine,C12 PARENT,col009b_T7,489810.03,0.364497619
C6H13NO2,isoleucine,O18-label-1,col009b_T7,546141.81,0.406417543
C6H13NO2,isoleucine,O18-label-2,col009b_T7,307843.03,0.229084838
C6H14N2O2,lysine,C12 PARENT,col009b_T7,15322.99,0.107282448
C6H14N2O2,lysine,O18-label-1,col009b_T7,64980.34,0.45495363
C6H14N2O2,lysine,O18-label-2,col009b_T7,62525.16,0.437763922
C5H11NO2S,methionine,C12 PARENT,col009b_T7,89221.81,0.19647644
C5H11NO2S,methionine,O18-label-1,col009b_T7,115130.65,0.253530614
C5H11NO2S,methionine,O18-label-2,col009b_T7,249757,0.549992947
C9H11NO2,phenylalanine,C12 PARENT,col009b_T7,658908.69,0.140544417
C9H11NO2,phenylalanine,O18-label-1,col009b_T7,1909454.5,0.407284308
C9H11NO2,phenylalanine,O18-label-2,col009b_T7,2119896.25,0.452171275
C5H9NO2,proline,C12 PARENT,col009b_T7,66718.22,0.082233695
C5H9NO2,proline,O18-label-1,col009b_T7,322323.72,0.397280842
C5H9NO2,proline,O18-label-2,col009b_T7,422282.66,0.520485463
C3H7NO3,serine,C12 PARENT,col009b_T7,8482.03,0.027840538
C3H7NO3,serine,O18-label-1,col009b_T7,65551.87,0.215160678
C3H7NO3,serine,O18-label-2,col009b_T7,149638.41,0.491157641
C3H7NO3,serine,O18-label-3,col009b_T7,80992.42,0.265841143
C4H9NO3,threonine,C12 PARENT,col009b_T7,17010.33,0.090871832
C4H9NO3,threonine,O18-label-1,col009b_T7,99776.59,0.533022082
C4H9NO3,threonine,O18-label-2,col009b_T7,70403.43,0.376106087
C11H12N2O2,tryptophan,C12 PARENT,col009b_T7,120813.53,0.453171984
C11H12N2O2,tryptophan,O18-label-1,col009b_T7,80798.34,0.303074863
C11H12N2O2,tryptophan,O18-label-2,col009b_T7,64983.45,0.243753154
C5H11NO2,valine,C12 PARENT,col009b_T7,413832.25,0.230026148
C5H11NO2,valine,O18-label-1,col009b_T7,824598.06,0.458347834
C5H11NO2,valine,O18-label-2,col009b_T7,560635.81,0.311626017
C3H7NO2,alanine,C12 PARENT,col009b_T8,304039.75,0.78650366
C3H7NO2,alanine,O18-label-1,col009b_T8,32126.42,0.083106064
C3H7NO2,alanine,O18-label-2,col009b_T8,50405.14,0.130390277
C6H14N4O2,arginine,C12 PARENT,col009b_T8,130302.99,0.084861026
C6H14N4O2,arginine,O18-label-1,col009b_T8,619574.56,0.403503655
C6H14N4O2,arginine,O18-label-2,col009b_T8,785609.31,0.511635319
C4H8N2O3,asparagine,C12 PARENT,col009b_T8,35535.23,0.089842221
C4H8N2O3,asparagine,O18-label-1,col009b_T8,266046.19,0.672633347
C4H8N2O3,asparagine,O18-label-2,col009b_T8,93947.87,0.237524432
C4H7NO4,aspartate,C12 PARENT,col009b_T8,1324.37,0.003894804
C4H7NO4,aspartate,O18-label-1,col009b_T8,9010.21,0.026497884
C4H7NO4,aspartate,O18-label-2,col009b_T8,22213.71,0.065327703
C4H7NO4,aspartate,O18-label-3,col009b_T8,111064.98,0.326628015
C4H7NO4,aspartate,O18-label-4,col009b_T8,196421.8,0.577651593
C5H9NO4,glutamate,C12 PARENT,col009b_T8,332231.91,0.044302841
C5H9NO4,glutamate,O18-label-1,col009b_T8,276002.94,0.036804756
C5H9NO4,glutamate,O18-label-2,col009b_T8,936966.81,0.124943724
C5H9NO4,glutamate,O18-label-3,col009b_T8,2594346.25,0.345953856
C5H9NO4,glutamate,O18-label-4,col009b_T8,3359562.75,0.447994823
C5H10N2O3,glutamine,C12 PARENT,col009b_T8,783389.25,0.031501282
C5H10N2O3,glutamine,O18-label-1,col009b_T8,4717626,0.189702967
C5H10N2O3,glutamine,O18-label-2,col009b_T8,9903574,0.398237878
C5H10N2O3,glutamine,O18-label-3,col009b_T8,9463899,0.380557873
C2H5NO2,glycine,C12 PARENT,col009b_T8,17973.7,0.221659644
C2H5NO2,glycine,O18-label-1,col009b_T8,38963.86,0.48051961
C2H5NO2,glycine,O18-label-2,col009b_T8,24149.37,0.297820746
C6H13NO2,isoleucine,C12 PARENT,col009b_T8,504266.28,0.294720383
C6H13NO2,isoleucine,O18-label-1,col009b_T8,693238.88,0.405166151
C6H13NO2,isoleucine,O18-label-2,col009b_T8,513493.84,0.300113466
C6H14N2O2,lysine,C12 PARENT,col009b_T8,15252.75,0.084399396
C6H14N2O2,lysine,O18-label-1,col009b_T8,84840.97,0.469458073
C6H14N2O2,lysine,O18-label-2,col009b_T8,80627.36,0.446142531
C5H11NO2S,methionine,C12 PARENT,col009b_T8,87634.16,0.159756215
C5H11NO2S,methionine,O18-label-1,col009b_T8,147509.23,0.268907881
C5H11NO2S,methionine,O18-label-2,col009b_T8,313405.91,0.571335904
C9H11NO2,phenylalanine,C12 PARENT,col009b_T8,705742.5,0.107611902
C9H11NO2,phenylalanine,O18-label-1,col009b_T8,2574947.25,0.392628998
C9H11NO2,phenylalanine,O18-label-2,col009b_T8,3277530,0.4997591
C5H9NO2,proline,C12 PARENT,col009b_T8,45064.16,0.080827091
C5H9NO2,proline,O18-label-1,col009b_T8,231886.5,0.415911695
C5H9NO2,proline,O18-label-2,col009b_T8,280587.16,0.503261214
C3H7NO3,serine,C12 PARENT,col009b_T8,18874.66,0.04404356
C3H7NO3,serine,O18-label-1,col009b_T8,91465.3,0.213432051
C3H7NO3,serine,O18-label-2,col009b_T8,204454.42,0.477089411
C3H7NO3,serine,O18-label-3,col009b_T8,113750.91,0.265434979
C4H9NO3,threonine,C12 PARENT,col009b_T8,18956.18,0.093384898
C4H9NO3,threonine,O18-label-1,col009b_T8,103656.13,0.510647038
C4H9NO3,threonine,O18-label-2,col009b_T8,80377.47,0.395968063
C11H12N2O2,tryptophan,C12 PARENT,col009b_T8,115187,0.31872071
C11H12N2O2,tryptophan,O18-label-1,col009b_T8,131732.14,0.364500865
C11H12N2O2,tryptophan,O18-label-2,col009b_T8,114485.05,0.316778425
C5H11NO2,valine,C12 PARENT,col009b_T8,399189.78,0.223581155
C5H11NO2,valine,O18-label-1,col009b_T8,809213.25,0.453230122
C5H11NO2,valine,O18-label-2,col009b_T8,577032.69,0.323188723
C3H7NO2,alanine,C12 PARENT,col009b_blank1,5978.85,1
C3H7NO2,alanine,O18-label-1,col009b_blank1,0,0
C3H7NO2,alanine,O18-label-2,col009b_blank1,0,0
C6H14N4O2,arginine,C12 PARENT,col009b_blank1,2732.93,0.479133575
C6H14N4O2,arginine,O18-label-1,col009b_blank1,663.82,0.116380021
C6H14N4O2,arginine,O18-label-2,col009b_blank1,2307.15,0.404486404
C4H8N2O3,asparagine,C12 PARENT,col009b_blank1,925.42,0.593575616
C4H8N2O3,asparagine,O18-label-1,col009b_blank1,341.06,0.218760022
C4H8N2O3,asparagine,O18-label-2,col009b_blank1,292.58,0.187664362
C4H7NO4,aspartate,C12 PARENT,col009b_blank1,794.25,0.182106451
C4H7NO4,aspartate,O18-label-1,col009b_blank1,1648.41,0.377949127
C4H7NO4,aspartate,O18-label-2,col009b_blank1,574.04,0.131616477
C4H7NO4,aspartate,O18-label-3,col009b_blank1,374.49,0.085863449
C4H7NO4,aspartate,O18-label-4,col009b_blank1,970.27,0.222464496
C5H9NO4,glutamate,C12 PARENT,col009b_blank1,2081.25,0.25305982
C5H9NO4,glutamate,O18-label-1,col009b_blank1,459.9,0.055919381
C5H9NO4,glutamate,O18-label-2,col009b_blank1,1092.54,0.132842271
C5H9NO4,glutamate,O18-label-3,col009b_blank1,1959.83,0.238296325
C5H9NO4,glutamate,O18-label-4,col009b_blank1,2630.82,0.319882203
C5H10N2O3,glutamine,C12 PARENT,col009b_blank1,2395.85,0.407082939
C5H10N2O3,glutamine,O18-label-1,col009b_blank1,746.17,0.126783011
C5H10N2O3,glutamine,O18-label-2,col009b_blank1,1608.07,0.273229902
C5H10N2O3,glutamine,O18-label-3,col009b_blank1,1135.32,0.192904148
C2H5NO2,glycine,C12 PARENT,col009b_blank1,4283.97,1
C2H5NO2,glycine,O18-label-1,col009b_blank1,0,0
C2H5NO2,glycine,O18-label-2,col009b_blank1,0,0
C6H13NO2,isoleucine,C12 PARENT,col009b_blank1,5264.56,0.645264722
C6H13NO2,isoleucine,O18-label-1,col009b_blank1,245.09,0.030040104
C6H13NO2,isoleucine,O18-label-2,col009b_blank1,2649.11,0.324695174
C6H14N2O2,lysine,C12 PARENT,col009b_blank1,836.28,0.715741906
C6H14N2O2,lysine,O18-label-1,col009b_blank1,187.33,0.160328994
C6H14N2O2,lysine,O18-label-2,col009b_blank1,144.8,0.1239291
C5H11NO2S,methionine,C12 PARENT,col009b_blank1,0,0
C5H11NO2S,methionine,O18-label-1,col009b_blank1,231.37,1
C5H11NO2S,methionine,O18-label-2,col009b_blank1,0,0
C9H11NO2,phenylalanine,C12 PARENT,col009b_blank1,3436,0.51523358
C9H11NO2,phenylalanine,O18-label-1,col009b_blank1,2208.64,0.331189026
C9H11NO2,phenylalanine,O18-label-2,col009b_blank1,1024.18,0.153577395
C5H9NO2,proline,C12 PARENT,col009b_blank1,1736.42,1
C5H9NO2,proline,O18-label-1,col009b_blank1,0,0
C5H9NO2,proline,O18-label-2,col009b_blank1,0,0
C3H7NO3,serine,C12 PARENT,col009b_blank1,9278.45,1
C3H7NO3,serine,O18-label-1,col009b_blank1,0,0
C3H7NO3,serine,O18-label-2,col009b_blank1,0,0
C3H7NO3,serine,O18-label-3,col009b_blank1,0,0
C4H9NO3,threonine,C12 PARENT,col009b_blank1,912.41,0.791596537
C4H9NO3,threonine,O18-label-1,col009b_blank1,0,0
C4H9NO3,threonine,O18-label-2,col009b_blank1,240.21,0.208403463
C11H12N2O2,tryptophan,C12 PARENT,col009b_blank1,460.55,0.251644665
C11H12N2O2,tryptophan,O18-label-1,col009b_blank1,1369.61,0.748355335
C11H12N2O2,tryptophan,O18-label-2,col009b_blank1,0,0
C5H11NO2,valine,C12 PARENT,col009b_blank1,12000.56,0.993442756
C5H11NO2,valine,O18-label-1,col009b_blank1,79.21,0.006557244
C5H11NO2,valine,O18-label-2,col009b_blank1,0,0
C3H7NO2,alanine,C12 PARENT,col009b_blank2,4133.89,1
C3H7NO2,alanine,O18-label-1,col009b_blank2,0,0
C3H7NO2,alanine,O18-label-2,col009b_blank2,0,0
C6H14N4O2,arginine,C12 PARENT,col009b_blank2,2315.24,0.54070263
C6H14N4O2,arginine,O18-label-1,col009b_blank2,501.84,0.117200035
C6H14N4O2,arginine,O18-label-2,col009b_blank2,1464.83,0.342097335
C4H8N2O3,asparagine,C12 PARENT,col009b_blank2,806.09,0.657651484
C4H8N2O3,asparagine,O18-label-1,col009b_blank2,138.67,0.113134428
C4H8N2O3,asparagine,O18-label-2,col009b_blank2,280.95,0.229214088
C4H7NO4,aspartate,C12 PARENT,col009b_blank2,616.03,0.260113752
C4H7NO4,aspartate,O18-label-1,col009b_blank2,655.85,0.276927429
C4H7NO4,aspartate,O18-label-2,col009b_blank2,290.46,0.122644417
C4H7NO4,aspartate,O18-label-3,col009b_blank2,446.61,0.188577509
C4H7NO4,aspartate,O18-label-4,col009b_blank2,359.36,0.151736893
C5H9NO4,glutamate,C12 PARENT,col009b_blank2,1538.02,0.320289381
C5H9NO4,glutamate,O18-label-1,col009b_blank2,189.83,0.039531692
C5H9NO4,glutamate,O18-label-2,col009b_blank2,461.13,0.096029338
C5H9NO4,glutamate,O18-label-3,col009b_blank2,1025.09,0.213472804
C5H9NO4,glutamate,O18-label-4,col009b_blank2,1587.9,0.330676785
C5H10N2O3,glutamine,C12 PARENT,col009b_blank2,1086.94,0.400288725
C5H10N2O3,glutamine,O18-label-1,col009b_blank2,343.92,0.126655839
C5H10N2O3,glutamine,O18-label-2,col009b_blank2,383.66,0.141290938
C5H10N2O3,glutamine,O18-label-3,col009b_blank2,900.87,0.331764498
C2H5NO2,glycine,C12 PARENT,col009b_blank2,6078.94,0.97966518
C2H5NO2,glycine,O18-label-1,col009b_blank2,126.18,0.02033482
C2H5NO2,glycine,O18-label-2,col009b_blank2,0,0
C6H13NO2,isoleucine,C12 PARENT,col009b_blank2,6107.39,0.796693678
C6H13NO2,isoleucine,O18-label-1,col009b_blank2,140.45,0.01832135
C6H13NO2,isoleucine,O18-label-2,col009b_blank2,1418.08,0.184984972
C6H14N2O2,lysine,C12 PARENT,col009b_blank2,555.13,0.659267968
C6H14N2O2,lysine,O18-label-1,col009b_blank2,286.91,0.340732032
C6H14N2O2,lysine,O18-label-2,col009b_blank2,0,0
C5H11NO2S,methionine,C12 PARENT,col009b_blank2,0,0
C5H11NO2S,methionine,O18-label-1,col009b_blank2,217.67,1
C5H11NO2S,methionine,O18-label-2,col009b_blank2,0,0
C9H11NO2,phenylalanine,C12 PARENT,col009b_blank2,1902.98,0.602258414
C9H11NO2,phenylalanine,O18-label-1,col009b_blank2,380.37,0.120380158
C9H11NO2,phenylalanine,O18-label-2,col009b_blank2,876.39,0.277361428
C5H9NO2,proline,C12 PARENT,col009b_blank2,1938.44,0.95941953
C5H9NO2,proline,O18-label-1,col009b_blank2,81.99,0.04058047
C5H9NO2,proline,O18-label-2,col009b_blank2,0,0
C3H7NO3,serine,C12 PARENT,col009b_blank2,5867.9,1
C3H7NO3,serine,O18-label-1,col009b_blank2,0,0
C3H7NO3,serine,O18-label-2,col009b_blank2,0,0
C3H7NO3,serine,O18-label-3,col009b_blank2,0,0
C4H9NO3,threonine,C12 PARENT,col009b_blank2,497.67,1
C4H9NO3,threonine,O18-label-1,col009b_blank2,0,0
C4H9NO3,threonine,O18-label-2,col009b_blank2,0,0
C11H12N2O2,tryptophan,C12 PARENT,col009b_blank2,642.79,0.281772194
C11H12N2O2,tryptophan,O18-label-1,col009b_blank2,1638.45,0.718227806
C11H12N2O2,tryptophan,O18-label-2,col009b_blank2,0,0
C5H11NO2,valine,C12 PARENT,col009b_blank2,11630.82,1
C5H11NO2,valine,O18-label-1,col009b_blank2,0,0
C5H11NO2,valine,O18-label-2,col009b_blank2,0,0
C3H7NO2,alanine,C12 PARENT,col009b_blank3,2638.56,1
C3H7NO2,alanine,O18-label-1,col009b_blank3,0,0
C3H7NO2,alanine,O18-label-2,col009b_blank3,0,0
C6H14N4O2,arginine,C12 PARENT,col009b_blank3,1851.99,0.470320388
C6H14N4O2,arginine,O18-label-1,col009b_blank3,408.66,0.103780868
C6H14N4O2,arginine,O18-label-2,col009b_blank3,1677.07,0.425898743
C4H8N2O3,asparagine,C12 PARENT,col009b_blank3,727.98,0.658191912
C4H8N2O3,asparagine,O18-label-1,col009b_blank3,142.81,0.129119463
C4H8N2O3,asparagine,O18-label-2,col009b_blank3,235.24,0.212688625
C4H7NO4,aspartate,C12 PARENT,col009b_blank3,634.35,0.277678071
C4H7NO4,aspartate,O18-label-1,col009b_blank3,833.76,0.364967082
C4H7NO4,aspartate,O18-label-2,col009b_blank3,251.25,0.109981265
C4H7NO4,aspartate,O18-label-3,col009b_blank3,250.65,0.109718623
C4H7NO4,aspartate,O18-label-4,col009b_blank3,314.47,0.137654959
C5H9NO4,glutamate,C12 PARENT,col009b_blank3,1334.85,0.343438684
C5H9NO4,glutamate,O18-label-1,col009b_blank3,176.57,0.045429051
C5H9NO4,glutamate,O18-label-2,col009b_blank3,434.12,0.11169315
C5H9NO4,glutamate,O18-label-3,col009b_blank3,713.96,0.183692162
C5H9NO4,glutamate,O18-label-4,col009b_blank3,1227.22,0.315746954
C5H10N2O3,glutamine,C12 PARENT,col009b_blank3,1442,0.626553348
C5H10N2O3,glutamine,O18-label-1,col009b_blank3,208.21,0.090467873
C5H10N2O3,glutamine,O18-label-2,col009b_blank3,211.06,0.091706206
C5H10N2O3,glutamine,O18-label-3,col009b_blank3,440.21,0.191272572
C2H5NO2,glycine,C12 PARENT,col009b_blank3,6621.69,0.972430838
C2H5NO2,glycine,O18-label-1,col009b_blank3,187.73,0.027569162
C2H5NO2,glycine,O18-label-2,col009b_blank3,0,0
C6H13NO2,isoleucine,C12 PARENT,col009b_blank3,3288.16,0.64350954
C6H13NO2,isoleucine,O18-label-1,col009b_blank3,507.44,0.099308574
C6H13NO2,isoleucine,O18-label-2,col009b_blank3,1314.13,0.257181886
C6H14N2O2,lysine,C12 PARENT,col009b_blank3,656.89,0.840517958
C6H14N2O2,lysine,O18-label-1,col009b_blank3,0,0
C6H14N2O2,lysine,O18-label-2,col009b_blank3,124.64,0.159482042
C5H11NO2S,methionine,C12 PARENT,col009b_blank3,0,0
C5H11NO2S,methionine,O18-label-1,col009b_blank3,102.43,0.497861378
C5H11NO2S,methionine,O18-label-2,col009b_blank3,103.31,0.502138622
C9H11NO2,phenylalanine,C12 PARENT,col009b_blank3,1523.15,0.557059105
C9H11NO2,phenylalanine,O18-label-1,col009b_blank3,344.28,0.125912949
C9H11NO2,phenylalanine,O18-label-2,col009b_blank3,866.84,0.317027945
C5H9NO2,proline,C12 PARENT,col009b_blank3,1359.61,1
C5H9NO2,proline,O18-label-1,col009b_blank3,0,0
C5H9NO2,proline,O18-label-2,col009b_blank3,0,0
C3H7NO3,serine,C12 PARENT,col009b_blank3,3279.52,1
C3H7NO3,serine,O18-label-1,col009b_blank3,0,0
C3H7NO3,serine,O18-label-2,col009b_blank3,0,0
C3H7NO3,serine,O18-label-3,col009b_blank3,0,0
C4H9NO3,threonine,C12 PARENT,col009b_blank3,881.38,1
C4H9NO3,threonine,O18-label-1,col009b_blank3,0,0
C4H9NO3,threonine,O18-label-2,col009b_blank3,0,0
C11H12N2O2,tryptophan,C12 PARENT,col009b_blank3,772.77,0.542717485
C11H12N2O2,tryptophan,O18-label-1,col009b_blank3,651.12,0.457282515
C11H12N2O2,tryptophan,O18-label-2,col009b_blank3,0,0
C5H11NO2,valine,C12 PARENT,col009b_blank3,11478.53,1
C5H11NO2,valine,O18-label-1,col009b_blank3,0,0
C5H11NO2,valine,O18-label-2,col009b_blank3,0,0
C3H7NO2,alanine,C12 PARENT,col009b_blank4,6199.92,1
C3H7NO2,alanine,O18-label-1,col009b_blank4,0,0
C3H7NO2,alanine,O18-label-2,col009b_blank4,0,0
C6H14N4O2,arginine,C12 PARENT,col009b_blank4,2429.34,0.517510673
C6H14N4O2,arginine,O18-label-1,col009b_blank4,889.35,0.189453974
C6H14N4O2,arginine,O18-label-2,col009b_blank4,1375.59,0.293035354
C4H8N2O3,asparagine,C12 PARENT,col009b_blank4,1279.65,0.681302709
C4H8N2O3,asparagine,O18-label-1,col009b_blank4,201.69,0.107382443
C4H8N2O3,asparagine,O18-label-2,col009b_blank4,396.9,0.211314848
C4H7NO4,aspartate,C12 PARENT,col009b_blank4,3128.39,0.224782
C4H7NO4,aspartate,O18-label-1,col009b_blank4,3877.3,0.278592902
C4H7NO4,aspartate,O18-label-2,col009b_blank4,2281.28,0.163915203
C4H7NO4,aspartate,O18-label-3,col009b_blank4,1386.45,0.099619614
C4H7NO4,aspartate,O18-label-4,col009b_blank4,3244.02,0.233090281
C5H9NO4,glutamate,C12 PARENT,col009b_blank4,4295.11,0.192171677
C5H9NO4,glutamate,O18-label-1,col009b_blank4,4297.48,0.192277715
C5H9NO4,glutamate,O18-label-2,col009b_blank4,7253.4,0.324531395
C5H9NO4,glutamate,O18-label-3,col009b_blank4,2611.56,0.116846335
C5H9NO4,glutamate,O18-label-4,col009b_blank4,3892.83,0.174172878
C5H10N2O3,glutamine,C12 PARENT,col009b_blank4,2537.38,0.46190282
C5H10N2O3,glutamine,O18-label-1,col009b_blank4,1669.55,0.303923675
C5H10N2O3,glutamine,O18-label-2,col009b_blank4,793.12,0.144378991
C5H10N2O3,glutamine,O18-label-3,col009b_blank4,493.27,0.089794514
C2H5NO2,glycine,C12 PARENT,col009b_blank4,8773.48,0.947030505
C2H5NO2,glycine,O18-label-1,col009b_blank4,303.44,0.032754042
C2H5NO2,glycine,O18-label-2,col009b_blank4,187.28,0.020215453
C6H13NO2,isoleucine,C12 PARENT,col009b_blank4,1885.91,0.842710386
C6H13NO2,isoleucine,O18-label-1,col009b_blank4,206.47,0.092260189
C6H13NO2,isoleucine,O18-label-2,col009b_blank4,145.53,0.065029425
C6H14N2O2,lysine,C12 PARENT,col009b_blank4,917.46,0.719474898
C6H14N2O2,lysine,O18-label-1,col009b_blank4,196.09,0.153774369
C6H14N2O2,lysine,O18-label-2,col009b_blank4,161.63,0.126750733
C5H11NO2S,methionine,C12 PARENT,col009b_blank4,0,NA
C5H11NO2S,methionine,O18-label-1,col009b_blank4,0,NA
C5H11NO2S,methionine,O18-label-2,col009b_blank4,0,NA
C9H11NO2,phenylalanine,C12 PARENT,col009b_blank4,3536.12,0.61947315
C9H11NO2,phenylalanine,O18-label-1,col009b_blank4,949.07,0.166262283
C9H11NO2,phenylalanine,O18-label-2,col009b_blank4,1223.08,0.214264567
C5H9NO2,proline,C12 PARENT,col009b_blank4,1992.97,0.742567691
C5H9NO2,proline,O18-label-1,col009b_blank4,304.52,0.113462176
C5H9NO2,proline,O18-label-2,col009b_blank4,386.4,0.143970133
C3H7NO3,serine,C12 PARENT,col009b_blank4,2466.3,0.49384669
C3H7NO3,serine,O18-label-1,col009b_blank4,442.45,0.088595251
C3H7NO3,serine,O18-label-2,col009b_blank4,1463.64,0.293076174
C3H7NO3,serine,O18-label-3,col009b_blank4,621.67,0.124481884
C4H9NO3,threonine,C12 PARENT,col009b_blank4,611.73,1
C4H9NO3,threonine,O18-label-1,col009b_blank4,0,0
C4H9NO3,threonine,O18-label-2,col009b_blank4,0,0
C11H12N2O2,tryptophan,C12 PARENT,col009b_blank4,553.48,0.416924665
C11H12N2O2,tryptophan,O18-label-1,col009b_blank4,774.05,0.583075335
C11H12N2O2,tryptophan,O18-label-2,col009b_blank4,0,0
C5H11NO2,valine,C12 PARENT,col009b_blank4,13401.43,0.884936229
C5H11NO2,valine,O18-label-1,col009b_blank4,1193.7,0.078823557
C5H11NO2,valine,O18-label-2,col009b_blank4,548.82,0.036240215
C3H7NO2,alanine,C12 PARENT,col009b_blank5,3309.92,1
C3H7NO2,alanine,O18-label-1,col009b_blank5,0,0
C3H7NO2,alanine,O18-label-2,col009b_blank5,0,0
C6H14N4O2,arginine,C12 PARENT,col009b_blank5,2016.8,0.380730879
C6H14N4O2,arginine,O18-label-1,col009b_blank5,1592.39,0.300610891
C6H14N4O2,arginine,O18-label-2,col009b_blank5,1687.99,0.318658229
C4H8N2O3,asparagine,C12 PARENT,col009b_blank5,1125.35,0.360204212
C4H8N2O3,asparagine,O18-label-1,col009b_blank5,1602.12,0.512809679
C4H8N2O3,asparagine,O18-label-2,col009b_blank5,396.73,0.126986108
C4H7NO4,aspartate,C12 PARENT,col009b_blank5,930.38,0.119966526
C4H7NO4,aspartate,O18-label-1,col009b_blank5,3568.65,0.4601545
C4H7NO4,aspartate,O18-label-2,col009b_blank5,659.85,0.08508342
C4H7NO4,aspartate,O18-label-3,col009b_blank5,1108.23,0.142899142
C4H7NO4,aspartate,O18-label-4,col009b_blank5,1488.22,0.191896412
C5H9NO4,glutamate,C12 PARENT,col009b_blank5,1849.81,0.093610313
C5H9NO4,glutamate,O18-label-1,col009b_blank5,680.06,0.034414686
C5H9NO4,glutamate,O18-label-2,col009b_blank5,2024.8,0.102465746
C5H9NO4,glutamate,O18-label-3,col009b_blank5,6036.45,0.305476766
C5H9NO4,glutamate,O18-label-4,col009b_blank5,9169.63,0.464032489
C5H10N2O3,glutamine,C12 PARENT,col009b_blank5,1759.12,0.148160002
C5H10N2O3,glutamine,O18-label-1,col009b_blank5,2347.74,0.197735892
C5H10N2O3,glutamine,O18-label-2,col009b_blank5,4062.55,0.342163932
C5H10N2O3,glutamine,O18-label-3,col009b_blank5,3703.7,0.311940174
C6H13NO2,isoleucine,C12 PARENT,col009b_blank5,1349.81,0.440363171
C6H13NO2,isoleucine,O18-label-1,col009b_blank5,255.9,0.083485035
C6H13NO2,isoleucine,O18-label-2,col009b_blank5,1459.51,0.476151793
C6H14N2O2,lysine,C12 PARENT,col009b_blank5,806.42,0.434577828
C6H14N2O2,lysine,O18-label-1,col009b_blank5,575.66,0.31022181
C6H14N2O2,lysine,O18-label-2,col009b_blank5,473.56,0.255200362
C5H11NO2S,methionine,C12 PARENT,col009b_blank5,0,0
C5H11NO2S,methionine,O18-label-1,col009b_blank5,0,0
C5H11NO2S,methionine,O18-label-2,col009b_blank5,164.94,1
C9H11NO2,phenylalanine,C12 PARENT,col009b_blank5,4220,0.520715082
C9H11NO2,phenylalanine,O18-label-1,col009b_blank5,2675.6,0.330148169
C9H11NO2,phenylalanine,O18-label-2,col009b_blank5,1208.64,0.149136748
C4H9NO3,threonine,C12 PARENT,col009b_blank5,1046.72,0.882980159
C4H9NO3,threonine,O18-label-1,col009b_blank5,138.72,0.117019841
C4H9NO3,threonine,O18-label-2,col009b_blank5,0,0
C11H12N2O2,tryptophan,C12 PARENT,col009b_blank5,820.34,0.512401856
C11H12N2O2,tryptophan,O18-label-1,col009b_blank5,780.63,0.487598144
C11H12N2O2,tryptophan,O18-label-2,col009b_blank5,0,0
