"Name","AA","Total","Sample","C12 PARENT","O18-label-1","O18-label-2","O18-label-3","O18-label-4"
"Alanine","A",2,"col009b_T0",0.998105742,0.001894258,0,NA,NA
"Alanine","A",2,"col009b_T1",0.54697028,0.137989921,0.3150398,NA,NA
"Alanine","A",2,"col009b_T2",0.518642539,0.121910796,0.359446665,NA,NA
"Alanine","A",2,"col009b_T3",0.628628496,0.102806275,0.268565228,NA,NA
"Alanine","A",2,"col009b_T4",0.630899925,0.101144723,0.267955353,NA,NA
"Alanine","A",2,"col009b_T5",0.707994412,0.090237951,0.201767636,NA,NA
"Alanine","A",2,"col009b_T6",0.786064935,0.075558167,0.138376898,NA,NA
"Alanine","A",2,"col009b_T7",0.854929694,0.067480201,0.077590105,NA,NA
"Alanine","A",2,"col009b_T8",0.78650366,0.083106064,0.130390277,NA,NA
"Arginine","R",2,"col009b_T0",0.996320566,0.002238406,0.001441028,NA,NA
"Arginine","R",2,"col009b_T1",0.688547892,0.24021343,0.071238678,NA,NA
"Arginine","R",2,"col009b_T2",0.448278082,0.360207427,0.191514491,NA,NA
"Arginine","R",2,"col009b_T3",0.348447884,0.398171289,0.253380826,NA,NA
"Arginine","R",2,"col009b_T4",0.273994704,0.393602671,0.332402625,NA,NA
"Arginine","R",2,"col009b_T5",0.219670489,0.406396326,0.373933185,NA,NA
"Arginine","R",2,"col009b_T6",0.136395595,0.423350539,0.440253866,NA,NA
"Arginine","R",2,"col009b_T7",0.102381659,0.409731835,0.487886506,NA,NA
"Arginine","R",2,"col009b_T8",0.084861026,0.403503655,0.511635319,NA,NA
"Asparagine","N",2,"col009b_T0",0.99729766,0.002297442,0.000405,NA,NA
"Asparagine","N",2,"col009b_T1",0.931509017,0.062534049,0.005956934,NA,NA
"Asparagine","N",2,"col009b_T2",0.828242173,0.156461224,0.015296603,NA,NA
"Asparagine","N",2,"col009b_T3",0.71555912,0.226961654,0.057479226,NA,NA
"Asparagine","N",2,"col009b_T4",0.570119126,0.347352532,0.082528342,NA,NA
"Asparagine","N",2,"col009b_T5",0.352509471,0.516910604,0.130579925,NA,NA
"Asparagine","N",2,"col009b_T6",0.174252934,0.628532248,0.197214819,NA,NA
"Asparagine","N",2,"col009b_T7",0.110722257,0.689420655,0.199857089,NA,NA
"Asparagine","N",2,"col009b_T8",0.089842221,0.672633347,0.237524432,NA,NA
"Aspartate","D",4,"col009b_T0",0.976868146,0.00495886,0.000814,0.017191016,0.000168
"Aspartate","D",4,"col009b_T1",0.714883958,0.097583951,0.147814675,0.019690918,0.020026497
"Aspartate","D",4,"col009b_T2",0.401956676,0.119982136,0.259886151,0.100890687,0.11728435
"Aspartate","D",4,"col009b_T3",0.201233063,0.107146573,0.286796275,0.180954723,0.223869365
"Aspartate","D",4,"col009b_T4",0.044967435,0.047856538,0.233768349,0.276805294,0.396602384
"Aspartate","D",4,"col009b_T5",0.005978812,0.013247826,0.095869293,0.327044673,0.557859396
"Aspartate","D",4,"col009b_T6",0.003192472,0.026108969,0.055068487,0.345241021,0.570389051
"Aspartate","D",4,"col009b_T7",0.004483104,0.031139384,0.059447402,0.346914315,0.558015796
"Aspartate","D",4,"col009b_T8",0.003894804,0.026497884,0.065327703,0.326628015,0.577651593
"Glutamate","E",4,"col009b_T0",0.993400564,0.006179935,7.53e-05,8.28e-05,0.000261
"Glutamate","E",4,"col009b_T1",0.603151895,0.188538525,0.185362461,0.015157823,0.007789296
"Glutamate","E",4,"col009b_T2",0.303751103,0.234416855,0.34145577,0.059397745,0.060978527
"Glutamate","E",4,"col009b_T3",0.151481058,0.204642721,0.387554973,0.115538876,0.140782372
"Glutamate","E",4,"col009b_T4",0.05406206,0.144204003,0.337717247,0.19227675,0.271739939
"Glutamate","E",4,"col009b_T5",0.033667025,0.066682321,0.192684966,0.269226975,0.437738713
"Glutamate","E",4,"col009b_T6",0.029418993,0.0422038,0.134617552,0.302195137,0.491564518
"Glutamate","E",4,"col009b_T7",0.048020908,0.036949532,0.118255027,0.330825968,0.465948564
"Glutamate","E",4,"col009b_T8",0.044302841,0.036804756,0.124943724,0.345953856,0.447994823
"Glutamine","Q",3,"col009b_T0",0.996296014,0.003102157,0.000235,0.000366,NA
"Glutamine","Q",3,"col009b_T1",0.828459707,0.13955191,0.030804719,0.001183663,NA
"Glutamine","Q",3,"col009b_T2",0.632395988,0.280755472,0.074085268,0.012763271,NA
"Glutamine","Q",3,"col009b_T3",0.476104751,0.361849363,0.120258696,0.04178719,NA
"Glutamine","Q",3,"col009b_T4",0.307807863,0.400326837,0.182045513,0.109819787,NA
"Glutamine","Q",3,"col009b_T5",0.15846291,0.348818998,0.272058604,0.220659488,NA
"Glutamine","Q",3,"col009b_T6",0.081538706,0.275169934,0.331502869,0.311788491,NA
"Glutamine","Q",3,"col009b_T7",0.037725198,0.203946991,0.387580693,0.370747118,NA
"Glutamine","Q",3,"col009b_T8",0.031501282,0.189702967,0.398237878,0.380557873,NA
"Glycine","G",2,"col009b_T0",1,0,0,NA,NA
"Glycine","G",2,"col009b_T1",0.900903978,0.075721852,0.02337417,NA,NA
"Glycine","G",2,"col009b_T2",0.761044487,0.176392401,0.062563112,NA,NA
"Glycine","G",2,"col009b_T3",0.634402601,0.236850824,0.128746575,NA,NA
"Glycine","G",2,"col009b_T4",0.48495607,0.348216844,0.166827086,NA,NA
"Glycine","G",2,"col009b_T5",0.364871955,0.397423025,0.237705021,NA,NA
"Glycine","G",2,"col009b_T6",0.272018636,0.421678448,0.306302916,NA,NA
"Glycine","G",2,"col009b_T7",0.20700262,0.463830554,0.329166826,NA,NA
"Glycine","G",2,"col009b_T8",0.221659644,0.48051961,0.297820746,NA,NA
"Isoleucine","I",2,"col009b_T0",0.996317846,0.002736037,0.000946,NA,NA
"Isoleucine","I",2,"col009b_T1",0.694733791,0.16955055,0.135715659,NA,NA
"Isoleucine","I",2,"col009b_T2",0.529676203,0.258609059,0.211714738,NA,NA
"Isoleucine","I",2,"col009b_T3",0.483621297,0.350568637,0.165810066,NA,NA
"Isoleucine","I",2,"col009b_T4",0.435329591,0.350779925,0.213890484,NA,NA
"Isoleucine","I",2,"col009b_T5",0.403885554,0.385137478,0.210976968,NA,NA
"Isoleucine","I",2,"col009b_T6",0.431204537,0.363281047,0.205514417,NA,NA
"Isoleucine","I",2,"col009b_T7",0.364497619,0.406417543,0.229084838,NA,NA
"Isoleucine","I",2,"col009b_T8",0.294720383,0.405166151,0.300113466,NA,NA
"Lysine","K",2,"col009b_T0",0.996372755,0.002315213,0.001312032,NA,NA
"Lysine","K",2,"col009b_T1",0.900434539,0.082980462,0.016584998,NA,NA
"Lysine","K",2,"col009b_T2",0.719938916,0.217055544,0.063005539,NA,NA
"Lysine","K",2,"col009b_T3",0.55509284,0.353333692,0.091573467,NA,NA
"Lysine","K",2,"col009b_T4",0.366639569,0.462335828,0.171024603,NA,NA
"Lysine","K",2,"col009b_T5",0.234128106,0.485879003,0.279992891,NA,NA
"Lysine","K",2,"col009b_T6",0.143154188,0.512553613,0.344292199,NA,NA
"Lysine","K",2,"col009b_T7",0.107282448,0.45495363,0.437763922,NA,NA
"Lysine","K",2,"col009b_T8",0.084399396,0.469458073,0.446142531,NA,NA
"Methionine","M",2,"col009b_T0",0.997648893,0.002351107,0,NA,NA
"Methionine","M",2,"col009b_T1",0.355208842,0.255968721,0.388822437,NA,NA
"Methionine","M",2,"col009b_T2",0.321710609,0.160855121,0.51743427,NA,NA
"Methionine","M",2,"col009b_T3",0.387532055,0.154022943,0.458445002,NA,NA
"Methionine","M",2,"col009b_T4",0.344091514,0.169604047,0.486304439,NA,NA
"Methionine","M",2,"col009b_T5",0.391044853,0.16590596,0.443049187,NA,NA
"Methionine","M",2,"col009b_T6",0.389932639,0.215750921,0.39431644,NA,NA
"Methionine","M",2,"col009b_T7",0.19647644,0.253530614,0.549992947,NA,NA
"Methionine","M",2,"col009b_T8",0.159756215,0.268907881,0.571335904,NA,NA
"Phenylalanine","F",2,"col009b_T0",0.997217817,0.002539896,0.000242,NA,NA
"Phenylalanine","F",2,"col009b_T1",0.73642047,0.197123941,0.066455589,NA,NA
"Phenylalanine","F",2,"col009b_T2",0.575867555,0.28684658,0.137285865,NA,NA
"Phenylalanine","F",2,"col009b_T3",0.474181454,0.334216564,0.191601982,NA,NA
"Phenylalanine","F",2,"col009b_T4",0.442157693,0.336346092,0.221496215,NA,NA
"Phenylalanine","F",2,"col009b_T5",0.367436411,0.360493771,0.272069818,NA,NA
"Phenylalanine","F",2,"col009b_T6",0.214090753,0.408725112,0.377184135,NA,NA
"Phenylalanine","F",2,"col009b_T7",0.140544417,0.407284308,0.452171275,NA,NA
"Phenylalanine","F",2,"col009b_T8",0.107611902,0.392628998,0.4997591,NA,NA
"Proline","P",2,"col009b_T0",0.99872176,0.00127824,0,NA,NA
"Proline","P",2,"col009b_T1",0.640924009,0.25049869,0.108577301,NA,NA
"Proline","P",2,"col009b_T2",0.476021505,0.327977657,0.196000837,NA,NA
"Proline","P",2,"col009b_T3",0.422046453,0.340228556,0.237724991,NA,NA
"Proline","P",2,"col009b_T4",0.33840814,0.363058634,0.298533226,NA,NA
"Proline","P",2,"col009b_T5",0.191659988,0.3649913,0.443348712,NA,NA
"Proline","P",2,"col009b_T6",0.115072484,0.380277717,0.504649799,NA,NA
"Proline","P",2,"col009b_T7",0.082233695,0.397280842,0.520485463,NA,NA
"Proline","P",2,"col009b_T8",0.080827091,0.415911695,0.503261214,NA,NA
"Serine","S",3,"col009b_T0",0.995850467,0.003176233,0.000973,0,NA
"Serine","S",3,"col009b_T1",0.187860686,0.608388461,0.183286949,0.020463904,NA
"Serine","S",3,"col009b_T2",0.095987489,0.407740732,0.348909333,0.147362446,NA
"Serine","S",3,"col009b_T3",0.059977163,0.290112855,0.41246278,0.237447203,NA
"Serine","S",3,"col009b_T4",0.044103721,0.212035912,0.450128782,0.293731585,NA
"Serine","S",3,"col009b_T5",0.042146182,0.198133997,0.460751139,0.298968682,NA
"Serine","S",3,"col009b_T6",0.038406721,0.183746207,0.495509263,0.282337809,NA
"Serine","S",3,"col009b_T7",0.027840538,0.215160678,0.491157641,0.265841143,NA
"Serine","S",3,"col009b_T8",0.04404356,0.213432051,0.477089411,0.265434979,NA
"Threonine","T",2,"col009b_T0",0.997312541,0.002687459,0,NA,NA
"Threonine","T",2,"col009b_T1",0.803034456,0.162035973,0.034929571,NA,NA
"Threonine","T",2,"col009b_T2",0.594782026,0.322143111,0.083074863,NA,NA
"Threonine","T",2,"col009b_T3",0.413004594,0.477883793,0.109111613,NA,NA
"Threonine","T",2,"col009b_T4",0.30229083,0.499120758,0.198588412,NA,NA
"Threonine","T",2,"col009b_T5",0.189770471,0.536867951,0.273361578,NA,NA
"Threonine","T",2,"col009b_T6",0.112772755,0.563592323,0.323634923,NA,NA
"Threonine","T",2,"col009b_T7",0.090871832,0.533022082,0.376106087,NA,NA
"Threonine","T",2,"col009b_T8",0.093384898,0.510647038,0.395968063,NA,NA
"Tryptophan","W",2,"col009b_T0",0.982928442,0.017071558,0,NA,NA
"Tryptophan","W",2,"col009b_T1",0.891944662,0.081820531,0.026234807,NA,NA
"Tryptophan","W",2,"col009b_T2",0.877919479,0.094313617,0.027766904,NA,NA
"Tryptophan","W",2,"col009b_T3",0.888629354,0.073086298,0.038284348,NA,NA
"Tryptophan","W",2,"col009b_T4",0.851553698,0.089613503,0.058832799,NA,NA
"Tryptophan","W",2,"col009b_T5",0.83937482,0.11757781,0.04304737,NA,NA
"Tryptophan","W",2,"col009b_T6",0.612290891,0.253975458,0.133733651,NA,NA
"Tryptophan","W",2,"col009b_T7",0.453171984,0.303074863,0.243753154,NA,NA
"Tryptophan","W",2,"col009b_T8",0.31872071,0.364500865,0.316778425,NA,NA
"Valine","V",2,"col009b_T0",0.998165354,0.001834646,0,NA,NA
"Valine","V",2,"col009b_T1",0.800169968,0.175603286,0.024226746,NA,NA
"Valine","V",2,"col009b_T2",0.623723519,0.308367229,0.067909251,NA,NA
"Valine","V",2,"col009b_T3",0.491287113,0.389405183,0.119307705,NA,NA
"Valine","V",2,"col009b_T4",0.355989132,0.446767952,0.197242916,NA,NA
"Valine","V",2,"col009b_T5",0.260823279,0.447710968,0.291465753,NA,NA
"Valine","V",2,"col009b_T6",0.260553987,0.436845354,0.302600659,NA,NA
"Valine","V",2,"col009b_T7",0.230026148,0.458347834,0.311626017,NA,NA
"Valine","V",2,"col009b_T8",0.223581155,0.453230122,0.323188723,NA,NA
"Median","X",2,"col009b_T0",0.997683705359892,0.00231629464010809,0,NA,NA
"Median","U",3,"col009b_T0",0.99629683993008,0.00310215957169028,0.000235000194815162,0.000366000303414252,NA
"Median","Z",4,"col009b_T0",0.985134541682996,0.00556939855540103,0.000444650084261191,0.00863690963669438,0.000214500040647758
"Median","X",2,"col009b_T1",0.752617286980136,0.179465501134314,0.0679172118855508,NA,NA
"Median","U",3,"col009b_T1",0.82845970782846,0.139551910139552,0.0308047190308047,0.00118366300118366,NA
"Median","Z",4,"col009b_T1",0.659017926829509,0.143061238071531,0.166588568083294,0.0174243705087122,0.0139078965069539
"Median","X",2,"col009b_T2",0.592601142197424,0.266123733513691,0.141275124288885,NA,NA
"Median","U",3,"col009b_T2",0.632395988632396,0.280755472280755,0.0740852680740853,0.0127632710127633,NA
"Median","Z",4,"col009b_T2",0.3528538895,0.1771994955,0.3006709605,0.080144216,0.0891314385
"Median","X",2,"col009b_T3",0.488674228101179,0.343783303201552,0.16754246869727,NA,NA
"Median","U",3,"col009b_T3",0.476104751,0.361849363,0.120258696,0.04178719,NA
"Median","Z",4,"col009b_T3",0.176357060588179,0.155894647077947,0.337175624168588,0.148246799574123,0.182325868591163
"Median","X",2,"col009b_T4",0.393681564313703,0.376652170905872,0.229666264780425,NA,NA
"Median","U",3,"col009b_T4",0.307807863,0.400326837,0.182045513,0.109819787,NA
"Median","Z",4,"col009b_T4",0.0495147475247574,0.0960302705480151,0.285742798142871,0.234541022117271,0.334171161667086
"Median","X",2,"col009b_T5",0.354243817220746,0.37391903787588,0.271837144903374,NA,NA
"Median","U",3,"col009b_T5",0.15846291,0.348818998,0.272058604,0.220659488,NA
"Median","Z",4,"col009b_T5",0.0198229185,0.0399650735,0.1442771295,0.298135824,0.4977990545
"Median","X",2,"col009b_T6",0.257065277513413,0.403252452793903,0.339682269692684,NA,NA
"Median","U",3,"col009b_T6",0.081538706,0.275169934,0.331502869,0.311788491,NA
"Median","Z",4,"col009b_T6",0.0163057325,0.0341563845,0.0948430195,0.323718079,0.5309767845
"Median","X",2,"col009b_T7",0.18864309762341,0.391046241852341,0.420310660524249,NA,NA
"Median","U",3,"col009b_T7",0.037725198,0.203946991,0.387580693,0.370747118,NA
"Median","Z",4,"col009b_T7",0.026252006,0.034044458,0.0888512145,0.3388701415,0.51198218
"Median","X",2,"col009b_T8",0.15800787414737,0.400732091680956,0.441260034171674,NA,NA
"Median","U",3,"col009b_T8",0.031501282,0.189702967,0.398237878,0.380557873,NA
"Median","Z",4,"col009b_T8",0.0240988225120494,0.0316513200158257,0.0951357135475678,0.336290935668145,0.512823208256412
