AA,Name,Formula,MW,Nitrogen,Carbon,Oxygen,Hydrogen,Sulfur
A,alanine,C3H7NO2,89.1,1,3,2,7,0
R,arginine,C6H14N4O2,174.2,4,6,2,14,0
N,asparagine,C4H8N2O3,132.12,2,4,3,8,0
D,aspartate,C4H7NO4,133.11,1,4,4,7,0
C,cysteine,C3H7NO2S,121.16,1,3,2,7,1
E,glutamate,C5H9NO4,147.13,1,5,4,9,0
Q,glutamine,C5H10N2O3,146.15,2,5,3,10,0
G,glycine,C2H5NO2,75.07,1,2,2,5,0
H,histidine,C6H9N3O2,155.16,3,6,2,9,0
I,isoleucine,C6H13NO2,131.18,1,6,2,13,0
L,leucine,C6H13NO2,131.18,1,6,2,13,0
K,lysine,C6H14N2O2,146.19,2,6,2,14,0
M,methionine,C5H11NO2S,149.21,1,5,2,11,1
F,phenylalanine,C9H11NO2,165.19,1,9,2,11,0
P,proline,C5H9NO2,115.13,1,5,2,9,0
S,serine,C3H7NO3,105.09,1,3,3,7,0
T,threonine,C4H9NO3,119.12,1,4,3,9,0
W,tryptophan,C11H12N2O2,204.23,2,11,2,12,0
Y,tyrosine,C9H11NO3,181.19,1,9,3,11,0
V,valine,C5H11NO2,117.15,1,5,2,11,0
